-- MySQL dump 10.13  Distrib 5.6.47, for Win64 (x86_64)
--
-- Host: 127.0.0.1    Database: traffic
-- ------------------------------------------------------
-- Server version	5.6.47

/*!40101 SET @OLD_CHARACTER_SET_CLIENT=@@CHARACTER_SET_CLIENT */;
/*!40101 SET @OLD_CHARACTER_SET_RESULTS=@@CHARACTER_SET_RESULTS */;
/*!40101 SET @OLD_COLLATION_CONNECTION=@@COLLATION_CONNECTION */;
/*!40101 SET NAMES utf8 */;
/*!40103 SET @OLD_TIME_ZONE=@@TIME_ZONE */;
/*!40103 SET TIME_ZONE='+00:00' */;
/*!40014 SET @OLD_UNIQUE_CHECKS=@@UNIQUE_CHECKS, UNIQUE_CHECKS=0 */;
/*!40014 SET @OLD_FOREIGN_KEY_CHECKS=@@FOREIGN_KEY_CHECKS, FOREIGN_KEY_CHECKS=0 */;
/*!40101 SET @OLD_SQL_MODE=@@SQL_MODE, SQL_MODE='NO_AUTO_VALUE_ON_ZERO' */;
/*!40111 SET @OLD_SQL_NOTES=@@SQL_NOTES, SQL_NOTES=0 */;

--
-- Table structure for table `carrier`
--

DROP TABLE IF EXISTS `carrier`;
/*!40101 SET @saved_cs_client     = @@character_set_client */;
/*!40101 SET character_set_client = utf8 */;
CREATE TABLE `carrier` (
  `id` int(11) NOT NULL AUTO_INCREMENT,
  `article` varchar(255) DEFAULT NULL,
  `name` varchar(255) DEFAULT NULL,
  `phone` varchar(255) DEFAULT NULL,
  PRIMARY KEY (`id`)
) ENGINE=InnoDB AUTO_INCREMENT=4 DEFAULT CHARSET=utf8;
/*!40101 SET character_set_client = @saved_cs_client */;

--
-- Dumping data for table `carrier`
--

LOCK TABLES `carrier` WRITE;
/*!40000 ALTER TABLE `carrier` DISABLE KEYS */;
INSERT INTO `carrier` VALUES (1,'В-500','Вова','+3(071)-333-33-33'),(2,'В-440','Паша','+3(071)-333-33-34'),(3,'В-550','Без имени ','');
/*!40000 ALTER TABLE `carrier` ENABLE KEYS */;
UNLOCK TABLES;

--
-- Table structure for table `client`
--

DROP TABLE IF EXISTS `client`;
/*!40101 SET @saved_cs_client     = @@character_set_client */;
/*!40101 SET character_set_client = utf8 */;
CREATE TABLE `client` (
  `id` int(11) NOT NULL AUTO_INCREMENT,
  `article` varchar(255) DEFAULT NULL,
  `name` varchar(255) DEFAULT NULL,
  `phone` varchar(255) DEFAULT NULL,
  `city` varchar(255) DEFAULT NULL,
  `area` varchar(255) DEFAULT NULL,
  PRIMARY KEY (`id`)
) ENGINE=InnoDB AUTO_INCREMENT=47 DEFAULT CHARSET=utf8;
/*!40101 SET character_set_client = @saved_cs_client */;

--
-- Dumping data for table `client`
--

LOCK TABLES `client` WRITE;
/*!40000 ALTER TABLE `client` DISABLE KEYS */;
INSERT INTO `client` VALUES (7,'ТНМ-1','Таня Нина Мая',NULL,'',''),(8,'Н-1','Наташа',NULL,'Донецк','Ж/Д'),(9,'Р-1','Рая',NULL,'Донецк','Ж/Д'),(10,'М-1','Марина',NULL,'Макеевка','Гвардейка'),(11,'Г-1','Григорьева Елена',NULL,'',''),(12,'Э-1','Элла',NULL,'Ясиноватая',''),(13,'Т-1','Тамара',NULL,'Макеевка',''),(14,'Т-2','Тома',NULL,'Донецк','Ж/Д'),(15,'О-1','Оля ',NULL,'Донецк','Горсад'),(16,'Н-2','Наташа-Саша',NULL,'Макеевка',''),(17,'Н-3','Наташа',NULL,'Макеевка',''),(18,'О-2','Оля ',NULL,'Ясиноватая',''),(19,'Л-2','Лена',NULL,'Макеевка',''),(20,'А-1','Алена',NULL,'Макеевка','Восточный'),(21,'Б-1','Без имени',NULL,'Макеевка',''),(22,'З-1','Зоя вьетнам',NULL,'Донецк','Ж/Д'),(23,'ВЛ-1','Виктор-Лариса',NULL,'Макеевка',''),(24,'Т-3','Таня',NULL,'Ясиноватая',''),(25,'Н-4','Нина Андреевна',NULL,'Донецк','Ж/Д'),(26,'В-1','Валя',NULL,'Донецк','Континент'),(27,'В-2','Валя',NULL,'Донецк','Горсад'),(28,'А-2','Альбина ',NULL,'Донецк','Ж/Д'),(29,'ВМ-1','Вова-Миша',NULL,'Донецк','Текстильщик'),(30,'Г-2','Галя',NULL,'Макеевка','Восточный'),(31,'Л-3','Лена ',NULL,'Донецк','Цветочный'),(32,'И-1','Игорь',NULL,'Донецк','Объединенный'),(33,'Р-2','Руслан',NULL,'Донецк','Соловки'),(34,'Л-4','Лена',NULL,'Донецк','Соловки'),(35,'Т-4','Тоня',NULL,'Донецк','Соловки'),(36,'Ф-1','Фаина',NULL,'',''),(37,'Ю-1','Юля',NULL,'Донецк','Крытый рынок'),(38,'М-2','Марина Бахтиярова',NULL,'',''),(39,'Н-5','Наташа Мороз',NULL,'',''),(40,'О-3','Оля Костюшко',NULL,'',''),(41,'Г-3','Гала',NULL,'Донецк','Калининский'),(42,'НВ-1','Настя-Вова',NULL,'',''),(43,'Ю-2','Юрьев Игорь',NULL,'',''),(44,'О-4','Оксана В-33',NULL,'',''),(45,'В-3','В-54',NULL,'',''),(46,'В-4','В-94',NULL,'','');
/*!40000 ALTER TABLE `client` ENABLE KEYS */;
UNLOCK TABLES;

--
-- Table structure for table `migration`
--

DROP TABLE IF EXISTS `migration`;
/*!40101 SET @saved_cs_client     = @@character_set_client */;
/*!40101 SET character_set_client = utf8 */;
CREATE TABLE `migration` (
  `version` varchar(180) NOT NULL,
  `apply_time` int(11) DEFAULT NULL,
  PRIMARY KEY (`version`)
) ENGINE=InnoDB DEFAULT CHARSET=utf8;
/*!40101 SET character_set_client = @saved_cs_client */;

--
-- Dumping data for table `migration`
--

LOCK TABLES `migration` WRITE;
/*!40000 ALTER TABLE `migration` DISABLE KEYS */;
INSERT INTO `migration` VALUES ('m000000_000000_base',1602609925),('m130524_201442_init',1602609929),('m190124_110200_add_verification_token_column_to_user_table',1602609930),('m201002_140839_create_order_table',1602609931),('m201002_141014_create_client_table',1602609931),('m201002_144548_create_type_of_package_table',1602609931),('m201002_144620_create_unit_table',1602609932),('m201007_132525_create_pack_table',1602609932),('m201013_171415_create_carrier_table',1602609932);
/*!40000 ALTER TABLE `migration` ENABLE KEYS */;
UNLOCK TABLES;

--
-- Table structure for table `order`
--

DROP TABLE IF EXISTS `order`;
/*!40101 SET @saved_cs_client     = @@character_set_client */;
/*!40101 SET character_set_client = utf8 */;
CREATE TABLE `order` (
  `id` int(11) NOT NULL AUTO_INCREMENT,
  `user_id` int(11) DEFAULT NULL,
  `carrier_id` int(11) DEFAULT NULL,
  `type_of_package_id` varchar(255) DEFAULT NULL,
  `width` varchar(255) DEFAULT NULL,
  `height` varchar(255) DEFAULT NULL,
  `weight` varchar(255) DEFAULT NULL,
  `length` varchar(255) DEFAULT NULL,
  `size` varchar(255) DEFAULT NULL,
  `cost` varchar(255) DEFAULT NULL,
  `notes` text NOT NULL,
  `date` int(11) DEFAULT NULL,
  `date_update` int(11) DEFAULT NULL,
  PRIMARY KEY (`id`)
) ENGINE=InnoDB AUTO_INCREMENT=85 DEFAULT CHARSET=utf8;
/*!40101 SET character_set_client = @saved_cs_client */;

--
-- Dumping data for table `order`
--

LOCK TABLES `order` WRITE;
/*!40000 ALTER TABLE `order` DISABLE KEYS */;
INSERT INTO `order` VALUES (17,7,2,'1','83','64','82.15','50','0.266','5312.000','',1602687913,1602688228),(18,8,2,'1','40','34','12.7','28','0.038','761.600','',1602688423,1602689840),(19,8,2,'1','51','67','35.95','51','0.174','3485.340','',1602690256,1602690256),(20,8,2,'1','62','54','53.7','39','0.131','2611.440','',1602690497,1602690497),(21,9,2,'1','46','47','19.6','31','0.067','1340.440','',1602690674,1602690674),(22,9,2,'1','58','40','61.25','100','0.232','4640.000','открывали\r\nлосины женские	83	шт	 -1\r\nштаны мужские	23	шт	 -2\r\nгольфы мужской	19	пар	 -1\r\n',1602690984,1602710749),(23,10,2,'1','60','60','29.4','35','0.126','2520.000','',1602691243,1602691243),(24,11,2,'1','60','65','40.95','50','0.195','3900.000','',1602691496,1602691496),(25,12,1,'1','58','46','23.85','40','0.107','2134.400','',1602693390,1602693390),(26,12,1,'1','54','54','28.85','30','0.087','1749.600','',1602693484,1602693484),(27,13,1,'1','32','33','8.25','22','0.023','464.640','',1602693819,1602693819),(28,13,1,'1','50','46','47.7','40','0.092','1840.000','открывали	\r\nджинсы женские	18шт	1		\r\nкофта женская	         5шт		-10\r\n',1602694060,1602711109),(29,14,1,'1','55','48','28.4','41','0.108','2164.800','',1602695327,1602695327),(30,14,1,'1','70','60','43.2','40','0.168','3360.000','',1602695388,1602695388),(31,15,1,'1','45','37','11.4','23','0.038','765.900','',1602695770,1602695770),(32,15,1,'3','67','97.5','37.15','101','0.660','13195.650','',1602697425,1602697425),(33,16,1,'2','46','40','22.45','55','0.101','2024.000','открывали',1602697550,1602711157),(34,17,1,'1','28','38','17.15','68','0.072','1447.040','',1602697660,1602697660),(35,17,1,'1','25.5','58','27.8','56','0.083','1656.480','',1602697796,1602697796),(36,17,1,'1','43','70','38.4','34','0.102','2046.800','',1602697905,1602697905),(37,18,1,'1','53','46','26.5','40','0.098','1950.400','открывали\r\nполотенце х/б	6шт      6\r\n',1602698219,1602711243),(38,18,1,'1','63','47','30.00','37','0.110','2191.140','открывали, ок',1602701764,1602711314),(39,19,1,'1','42','84','39.00','33','0.116','2328.480','',1602702261,1602702261),(40,20,1,'1','57.5','55','48.65','38','0.120','2403.500','',1602702391,1602702391),(41,21,1,'1','47','83','65.00','80','0.312','6241.600','',1602702572,1602702572),(42,22,1,'1','74','72','65.3','54','0.288','5754.240','',1602702625,1602702625),(43,23,1,'1','65','50','48.55','39','0.127','2535.000','открывали, ок',1602702766,1602710643),(44,24,1,'1','55','48','18.6','32','0.084','1689.600','',1602702841,1602702841),(45,25,1,'1','65','45','26.45','30','0.088','1755.000','',1602702988,1602702988),(46,26,1,'1','29','57','19.35','40','0.066','1322.400','',1602703129,1602703129),(47,23,1,'1','62','50','39.4','40','0.124','2480.000','',1602703314,1602703314),(48,27,1,'1','62','49','27.2','33','0.100','2005.080','',1602703476,1602703476),(49,28,1,'1','63','28','13.45','30','0.053','1058.400','',1602703589,1602703589),(50,19,1,'1','39','39','10.7','23','0.035','699.660','',1602703726,1602703726),(51,23,1,'1','30','30','7.15','24','0.022','432.000','',1602703808,1602703808),(52,29,1,'1','30','89','60.25','99','0.264','5286.600','',1602703877,1602703877),(53,21,1,'1','47','45','17.3','29','0.061','1226.700','',1602704064,1602704064),(54,30,1,'1','55','45','21.85','33','0.082','1633.500','открывали, ок',1602704278,1602711345),(55,31,3,'1','27','86','26.8','66','0.153','3065.040','',1602704340,1602705051),(56,31,3,'1','40','46','30.75','67','0.123','2465.600','',1602704486,1602705033),(57,32,3,'1','67','70','65.6','75','0.352','7035.000','',1602704548,1602705014),(58,33,3,'1','42','48','40.45','60','0.121','2419.200','',1602704648,1602704990),(59,34,3,'1','45','63','46.65','74','0.210','4195.800','',1602704826,1602704973),(60,35,3,'1','73','55','29.3','35','0.141','2810.500','',1602705434,1602705434),(61,36,3,'1','52','52','36.9','53','0.143','2866.240','',1602705628,1602709277),(62,37,3,'1','52','76','58.85','30','0.119','2371.200','',1602705674,1602705674),(63,38,3,'1','44','62','20.7','30','0.082','1636.800','',1602705712,1602705712),(64,38,3,'1','65','50','21.3','30','0.098','1950.000','',1602705743,1602705743),(65,38,3,'1','45','55','21.4','32','0.079','1584.000','',1602705780,1602705780),(66,39,3,'1','40','20','6.65','27','0.022','432.000','',1602705818,1602705818),(67,40,3,'1','82','43','56.9','69','0.243','4865.880','открывали\r\nпижама	15шт	3\r\nтуника	6шт	       -3\r\nколготы	38шт	4\r\n',1602705906,1602711417),(68,41,3,'1','65','57','44.1','40','0.148','2964.000','открывали\r\n\r\nноски женские	440	пар	96\r\nноски мужские	188	пар	-14\r\nплаток носовой	92	шт	-4\r\n',1602706061,1602711499),(69,42,NULL,'2','60','40','20.35','40','0.096','1920.000','',1602706339,1602706339),(70,42,NULL,'2','60','33','41.15','33','0.065','1306.800','',1602706376,1602706376),(71,42,NULL,'2','56','37','23.95','41','0.085','1699.040','',1602706418,1602706418),(72,42,NULL,'2','58','16','12.25','30','0.028','556.800','',1602706463,1602706463),(73,42,NULL,'2','44','13','9.35','28','0.016','320.320','',1602706503,1602706503),(74,43,NULL,'1','57','106','45.2','40','0.242','4833.600','',1602706552,1602706552),(75,44,NULL,'1','62','104','26.5','40','0.258','5158.400','',1602706620,1602706620),(76,44,NULL,'1','50','50','16.6','36','0.090','1800.000','',1602706667,1602706667),(77,45,NULL,'1','98','54','52.15','40','0.212','4233.600','открывали\r\nтермокостюм мужской	20шт	4\r\nштаны мужские	30шт		5\r\n',1602707247,1602711560),(79,45,NULL,'1','80','41','23.8','32','0.105','2099.200','открывали\r\nпижама детская	28	шт	3\r\nштаны детские	16	шт		-8\r\n',1602707916,1602711602),(80,46,NULL,'1','31','63','32.25','56','0.109','2187.360','',1602708081,1602708081),(81,46,NULL,'1','36','65','23.95','59','0.138','2761.200','',1602708169,1602708169),(82,46,NULL,'1','37','104','56.05','33','0.127','2539.680','',1602708227,1602708227),(83,46,NULL,'1','37','30','21.4','65','0.072','1443.000','',1602708340,1602708340),(84,13,1,'1','48','36','21.55','31','0.054','1071.360','',1602708825,1602708825);
/*!40000 ALTER TABLE `order` ENABLE KEYS */;
UNLOCK TABLES;

--
-- Table structure for table `pack`
--

DROP TABLE IF EXISTS `pack`;
/*!40101 SET @saved_cs_client     = @@character_set_client */;
/*!40101 SET character_set_client = utf8 */;
CREATE TABLE `pack` (
  `id` int(11) NOT NULL AUTO_INCREMENT,
  `user_id` int(11) DEFAULT NULL,
  `order_id` int(11) DEFAULT NULL,
  `name` varchar(255) DEFAULT NULL,
  `count` varchar(255) DEFAULT NULL,
  `unit_id` varchar(255) DEFAULT NULL,
  PRIMARY KEY (`id`)
) ENGINE=InnoDB AUTO_INCREMENT=267 DEFAULT CHARSET=utf8;
/*!40101 SET character_set_client = @saved_cs_client */;

--
-- Dumping data for table `pack`
--

LOCK TABLES `pack` WRITE;
/*!40000 ALTER TABLE `pack` DISABLE KEYS */;
INSERT INTO `pack` VALUES (19,7,17,'лосины женские','90','1'),(20,7,17,'колготы','52','1'),(21,7,17,'водолазка женская','15','1'),(22,7,17,'свитер женский','10','1'),(23,7,17,'трусы женские','220','1'),(24,7,17,'топ женский','30','1'),(25,7,17,'бюстгалтер','250','1'),(26,7,17,'лосины','10','1'),(27,7,17,'панталоны женские','20','1'),(28,8,18,'рубашка женская','27','1'),(29,8,18,'кофта женская','2','1'),(30,8,19,'куртка женская','33','1'),(31,8,20,'костюм женский юбка','2','1'),(32,8,20,'кофта женская','132','1'),(33,8,20,'туника','14','1'),(34,8,20,'джинсы женские','18','1'),(35,9,21,'носки женские','200','3'),(36,9,21,'носки мужские','60','3'),(37,9,21,'следы','8','3'),(38,9,21,'лосины женские','12','1'),(39,9,22,'рубашка мужская','40','1'),(40,9,22,'лосины женские','83','1'),(41,9,22,'штаны мужские','23','1'),(42,9,22,'гольфы мужские','19','1'),(43,9,22,'носки женские','243','1'),(44,9,22,'трусы мужские','8','1'),(45,10,23,'сумка женская','16','1'),(46,10,23,'сумка мужская','20','1'),(47,10,23,'плащ женский','6','1'),(48,10,23,'кофта женская','3','1'),(49,11,24,'костюм','24','1'),(50,11,24,'брюки','24','1'),(51,11,24,'кофта','4','1'),(52,11,24,'толстовка','9','1'),(53,12,25,'куртка женская','17','1'),(54,12,26,'куртка женская','6','1'),(55,12,26,'кофта женская','57','1'),(56,13,27,'кофта женская','6','1'),(57,13,27,'платье женское','4','1'),(58,13,27,'юбка кожанная','1','1'),(59,13,27,'джинсы женские','1','1'),(60,13,27,'туника женская','5','1'),(61,13,28,'джинсы женские','18','1'),(62,13,28,'брюки женские','42','1'),(63,13,28,'кофта женская','5','1'),(64,13,28,'платье женское','20','1'),(65,14,29,'куртка женская','11','1'),(66,14,29,'куртка мужскач','4','1'),(67,14,29,'ветровка женская','9','1'),(68,14,30,'куртки','22','1'),(69,14,30,'ветровки','20','1'),(70,15,31,'трусы мужские','70','1'),(71,15,31,'носки','120','3'),(72,15,32,'зонт','74','1'),(73,16,33,'кардиган женский','3','1'),(74,16,33,'кофта женская','28','1'),(75,16,33,'платье женское','4','1'),(76,16,33,'костюм женский','3','1'),(77,17,34,'брюки женские спортивные','8','1'),(78,17,34,'костюм спортивный женский','9','1'),(79,17,34,'пайта женская','4','1'),(80,17,35,'брюки спортивные мужские','25','1'),(81,17,35,'брюки спортивные женские','9','1'),(82,17,35,'пайта мужская','5','1'),(83,17,35,'пайта женская','4','1'),(84,17,35,'костюм спортивный женский','4','1'),(85,17,36,'костюм спортивный мужской','19','1'),(86,17,36,'брюки спортивные мужские','14','1'),(87,17,36,'жилет мужской','8','1'),(88,18,37,'водолазка мужская','8','1'),(89,18,37,'рубашка мужская','10','1'),(90,18,37,'пайта мужская','10','1'),(91,18,37,'трусы мужские','16','1'),(92,18,37,'кофта женская ','25','1'),(93,18,37,'брюки спортивные мужские','5','1'),(94,18,37,'полотенца х/б','6','1'),(95,18,38,'постельное к-т','11','1'),(96,18,38,'покрывало','2','1'),(97,18,38,'рубашка женская','4','1'),(98,18,38,'лосины женские','3','1'),(99,18,38,'кофта женская','8','1'),(100,19,39,'платье женское','29','1'),(101,19,39,'свитер женский вязанный','3','1'),(102,19,39,'свитер женский кашемир','31','1'),(103,19,39,'свитер женский кашемир','3','1'),(104,19,39,'пайта женская','2','1'),(105,19,39,'штаны спортивные женские','6','1'),(106,19,39,'костюм женский кошемир (брюки+свитер)','7','1'),(107,20,40,'брюки женские','36','1'),(108,20,40,'джинсы женские','36','1'),(109,20,40,'водолазка женская','30','1'),(110,20,40,'лосины','30','1'),(111,21,41,'пальто женское','42','1'),(112,22,42,'куртка теплая мужская','38','1'),(113,23,43,'куртка женская','5','1'),(114,23,43,'пайта женская','4','1'),(115,23,43,'пайта мужская','3','1'),(116,23,43,'брюки женские','43','1'),(117,23,43,'джинсы девочка','12','1'),(118,23,43,'брюки спортивные мужские','10','1'),(119,24,44,'халат мужской','4','1'),(120,24,44,'халат женский','6','1'),(121,24,44,'кофта','26','1'),(122,25,45,'носки','250','3'),(123,25,45,'майка женская','39','1'),(124,25,45,'брюки мужские','25','1'),(125,25,45,'тельняшка','3','1'),(126,25,45,'трико спортивное мужское','8','1'),(127,25,45,'майка мужская','15','1'),(128,25,45,'колготы женские','20','1'),(129,26,46,'трико спортивное мужское','45','1'),(130,23,47,'куртка мужская','10','1'),(131,23,47,'брюки спортивные мужские','5','1'),(132,23,47,'кофта женская','5','1'),(133,23,47,'свитер женский','9','1'),(134,23,47,'пайта мужская','3','1'),(135,23,47,'футболка мужская','27','1'),(136,23,47,'термобелье','5','1'),(137,23,47,'термобрюки мужские','4','1'),(138,27,48,'халат детский','8','1'),(139,27,48,'халат женский','11','1'),(140,27,48,'пижама детская','6','1'),(141,27,48,'пижама женская','26','1'),(142,27,48,'пижама мужская','5','1'),(143,28,49,'костюм спортивный женский','1','1'),(144,28,49,'платье женское','2','1'),(145,28,49,'туника женская','8','1'),(146,28,49,'костюм женский (брюки+свитер)','3','1'),(147,28,49,'костюм женский  (юбка+свитер)','5','1'),(148,19,50,'платье женское кошемир','1','1'),(149,19,50,'туника женская кошемир','7','1'),(150,19,50,'джемпер женский кошемир','15','1'),(151,23,51,'костюм спортивный мужской','5','1'),(152,29,52,'мужские свитера и толстовки','104','1'),(153,21,53,'спортивный желтик(брюки мужск)','5','1'),(154,21,53,'гольфы мужские','6','3'),(155,21,53,'майка женская','6','1'),(156,21,53,'футболка мужская','7','1'),(157,21,53,'тельняшка','8','1'),(158,21,53,'носки','65','1'),(159,21,53,'трусы мужские','10','1'),(160,21,53,'лосины','15','1'),(161,21,53,'брюки женские','2','1'),(162,30,54,'штаны спортивные детские','14','1'),(163,30,54,'джинсы детские','11','1'),(164,30,54,'свитер детский','11','1'),(165,30,54,'лосины детские','28','1'),(166,30,54,'кофта детская','30','1'),(167,30,54,'колготы детские','6','1'),(168,31,55,'гардины','9','4'),(169,31,56,'гардины 133 м','7','4'),(170,32,57,'куртка мужская','36','1'),(171,33,58,'сумка женская','25','1'),(172,33,58,'клатч','49','1'),(173,33,58,'кошелек','17','1'),(174,33,58,'сумка мужская','14','1'),(175,34,59,'рубашка мужская','20','1'),(176,34,59,'халат','18','1'),(177,34,59,'свитер','9','1'),(178,34,59,'пижама','9','1'),(179,34,59,'шапка','20','1'),(180,34,59,'туника','8','1'),(181,34,59,'штаны спортивные','17','1'),(182,34,59,'носки','33','3'),(183,35,60,'платки','9','1'),(184,35,60,'шарф','24','1'),(185,35,60,'фуражка','25','1'),(186,35,60,'бейсболка','20','1'),(187,35,60,'трусы','51','1'),(188,35,60,'бюстгалтер','7','1'),(189,35,60,'колготы','11','1'),(190,35,60,'чалма','5','1'),(191,35,60,'шапка+шарф (комплект)','17','1'),(192,35,60,'шапка женская','56','1'),(193,35,60,'снуд','11','1'),(194,35,60,'манишка','13','1'),(195,35,60,'шапка мужская','27','1'),(196,35,60,'пояс собачий','11','1'),(197,35,60,'берет женский','15','1'),(198,36,61,'куртка мужская','5','1'),(199,36,61,'жилет мужской','5','1'),(200,36,61,'свитер женский','10','1'),(201,36,61,'трико мужское','50','1'),(202,37,62,'джинсы женские','115','1'),(203,38,63,'пальто женское синтепон','13','1'),(204,38,64,'пальто женское синтепон','14','1'),(205,38,65,'пальто женское синтепон','12','1'),(206,39,66,'шапка детская','120','1'),(207,40,67,'халат','35','1'),(208,40,67,'пижама','15','1'),(209,40,67,'туника','6','1'),(210,40,67,'колготы','38','1'),(211,40,67,'гамаши','40','1'),(212,41,68,'носки женские','440','1'),(213,41,68,'носки мужские','188','1'),(214,41,68,'носки детские','120','1'),(215,41,68,'колготы детские','10','1'),(216,41,68,'топ женский','36','1'),(217,41,68,'трусы мужские','24','1'),(218,41,68,'трусы женские','75','1'),(219,41,68,'платок носовой','92','1'),(220,41,68,'костюм мужской','3','1'),(221,42,69,'коробка подарочная','273','1'),(222,42,70,'блокнот','281','1'),(223,42,71,'коробка подарочная','395','1'),(224,42,72,'планнер','85','1'),(225,42,72,'блокнот','25','1'),(226,42,73,'обложка на паспорт','634','1'),(227,43,74,'куртка мужская','43','1'),(228,44,75,'куртка мужская','8','1'),(229,44,75,'костюм зима','5','1'),(230,44,75,'куртка детская','11','1'),(231,44,76,'куртка мальчик','10','1'),(232,44,76,'куртка девочка','4','1'),(233,45,77,'тельняшка мужская','46','1'),(234,45,77,'рубашка мужская','46','1'),(235,45,77,'свитер мужской','6','1'),(236,45,77,'шапка мужская','20','1'),(237,45,77,'шапка девочка','25','1'),(238,45,77,'термокостюм мужской','20','1'),(239,45,77,'штаны мужские','30','1'),(240,45,77,'штаны мальчик','20','1'),(242,45,79,'штаны мужские','18','1'),(243,45,79,'пижама детская','28','1'),(244,45,79,'штаны детские','16','1'),(245,45,79,'костюм детский','21','1'),(246,46,80,'рубашка мужская','13','1'),(247,46,80,'трико теплое мужское','14','1'),(248,46,80,'халат женский','3','1'),(249,46,80,'пайта мужская','5','1'),(250,46,80,'джинсы мужские','4','1'),(251,46,80,'носки женские','40','3'),(252,46,81,'шарф','6','1'),(253,46,81,'шапка женская','80','1'),(254,46,81,'шапка мужская','120','1'),(255,46,82,'штаны','20','1'),(256,46,82,'лосины','110','1'),(257,46,83,'ночные','2','1'),(258,46,83,'трусы женские','30','1'),(259,46,83,'трусы мужские','10','1'),(260,46,83,'майка','8','1'),(261,46,83,'фартук','25','1'),(262,46,83,'штаны женские','15','1'),(263,46,83,'лосины','10','1'),(264,13,84,'кофта женская','24','1'),(265,13,84,'юбка кожанная','5','1'),(266,13,84,'брюки женские','15','1');
/*!40000 ALTER TABLE `pack` ENABLE KEYS */;
UNLOCK TABLES;

--
-- Table structure for table `type_of_package`
--

DROP TABLE IF EXISTS `type_of_package`;
/*!40101 SET @saved_cs_client     = @@character_set_client */;
/*!40101 SET character_set_client = utf8 */;
CREATE TABLE `type_of_package` (
  `id` int(11) NOT NULL AUTO_INCREMENT,
  `name` varchar(255) DEFAULT NULL,
  PRIMARY KEY (`id`)
) ENGINE=InnoDB AUTO_INCREMENT=4 DEFAULT CHARSET=utf8;
/*!40101 SET character_set_client = @saved_cs_client */;

--
-- Dumping data for table `type_of_package`
--

LOCK TABLES `type_of_package` WRITE;
/*!40000 ALTER TABLE `type_of_package` DISABLE KEYS */;
INSERT INTO `type_of_package` VALUES (1,'мешок'),(2,'короб'),(3,'ящик');
/*!40000 ALTER TABLE `type_of_package` ENABLE KEYS */;
UNLOCK TABLES;

--
-- Table structure for table `unit`
--

DROP TABLE IF EXISTS `unit`;
/*!40101 SET @saved_cs_client     = @@character_set_client */;
/*!40101 SET character_set_client = utf8 */;
CREATE TABLE `unit` (
  `id` int(11) NOT NULL AUTO_INCREMENT,
  `name` varchar(255) DEFAULT NULL,
  PRIMARY KEY (`id`)
) ENGINE=InnoDB AUTO_INCREMENT=5 DEFAULT CHARSET=utf8;
/*!40101 SET character_set_client = @saved_cs_client */;

--
-- Dumping data for table `unit`
--

LOCK TABLES `unit` WRITE;
/*!40000 ALTER TABLE `unit` DISABLE KEYS */;
INSERT INTO `unit` VALUES (1,'шт'),(2,'упак'),(3,'пар'),(4,'рулон');
/*!40000 ALTER TABLE `unit` ENABLE KEYS */;
UNLOCK TABLES;

--
-- Table structure for table `user`
--

DROP TABLE IF EXISTS `user`;
/*!40101 SET @saved_cs_client     = @@character_set_client */;
/*!40101 SET character_set_client = utf8 */;
CREATE TABLE `user` (
  `id` int(11) NOT NULL AUTO_INCREMENT,
  `username` varchar(255) COLLATE utf8_unicode_ci NOT NULL,
  `auth_key` varchar(32) COLLATE utf8_unicode_ci NOT NULL,
  `password_hash` varchar(255) COLLATE utf8_unicode_ci NOT NULL,
  `password_reset_token` varchar(255) COLLATE utf8_unicode_ci DEFAULT NULL,
  `email` varchar(255) COLLATE utf8_unicode_ci NOT NULL,
  `status` smallint(6) NOT NULL DEFAULT '10',
  `created_at` int(11) NOT NULL,
  `updated_at` int(11) NOT NULL,
  `verification_token` varchar(255) COLLATE utf8_unicode_ci DEFAULT NULL,
  PRIMARY KEY (`id`),
  UNIQUE KEY `username` (`username`),
  UNIQUE KEY `email` (`email`),
  UNIQUE KEY `password_reset_token` (`password_reset_token`)
) ENGINE=InnoDB DEFAULT CHARSET=utf8 COLLATE=utf8_unicode_ci;
/*!40101 SET character_set_client = @saved_cs_client */;

--
-- Dumping data for table `user`
--

LOCK TABLES `user` WRITE;
/*!40000 ALTER TABLE `user` DISABLE KEYS */;
/*!40000 ALTER TABLE `user` ENABLE KEYS */;
UNLOCK TABLES;
/*!40103 SET TIME_ZONE=@OLD_TIME_ZONE */;

/*!40101 SET SQL_MODE=@OLD_SQL_MODE */;
/*!40014 SET FOREIGN_KEY_CHECKS=@OLD_FOREIGN_KEY_CHECKS */;
/*!40014 SET UNIQUE_CHECKS=@OLD_UNIQUE_CHECKS */;
/*!40101 SET CHARACTER_SET_CLIENT=@OLD_CHARACTER_SET_CLIENT */;
/*!40101 SET CHARACTER_SET_RESULTS=@OLD_CHARACTER_SET_RESULTS */;
/*!40101 SET COLLATION_CONNECTION=@OLD_COLLATION_CONNECTION */;
/*!40111 SET SQL_NOTES=@OLD_SQL_NOTES */;

-- Dump completed on 2020-10-18 19:41:50
