-- phpMyAdmin SQL Dump
-- version 4.6.6
-- https://www.phpmyadmin.net/
--
-- Хост: 127.0.0.1:3306
-- Время создания: Окт 24 2020 г., 22:01
-- Версия сервера: 10.3.22-MariaDB-54+deb10u1
-- Версия PHP: 7.1.33

SET SQL_MODE = "NO_AUTO_VALUE_ON_ZERO";
SET time_zone = "+00:00";


/*!40101 SET @OLD_CHARACTER_SET_CLIENT=@@CHARACTER_SET_CLIENT */;
/*!40101 SET @OLD_CHARACTER_SET_RESULTS=@@CHARACTER_SET_RESULTS */;
/*!40101 SET @OLD_COLLATION_CONNECTION=@@COLLATION_CONNECTION */;
/*!40101 SET NAMES utf8mb4 */;

--
-- База данных: `traffic`
--

-- --------------------------------------------------------

--
-- Структура таблицы `carrier`
--

CREATE TABLE `carrier` (
  `id` int(11) NOT NULL,
  `article` varchar(255) DEFAULT NULL,
  `name` varchar(255) DEFAULT NULL,
  `phone` varchar(255) DEFAULT NULL
) ENGINE=MyISAM DEFAULT CHARSET=utf8;

--
-- Дамп данных таблицы `carrier`
--

INSERT INTO `carrier` (`id`, `article`, `name`, `phone`) VALUES
(1, 'В-500', 'Вова', '+3(071)-333-33-33'),
(2, 'В-440', 'Паша', '+3(071)-333-33-34'),
(3, 'В-550', 'Без имени ', '');

-- --------------------------------------------------------

--
-- Структура таблицы `client`
--

CREATE TABLE `client` (
  `id` int(11) NOT NULL,
  `article` varchar(255) DEFAULT NULL,
  `name` varchar(255) DEFAULT NULL,
  `phone` varchar(255) DEFAULT NULL,
  `city` varchar(255) DEFAULT NULL,
  `area` varchar(255) DEFAULT NULL
) ENGINE=MyISAM DEFAULT CHARSET=utf8;

--
-- Дамп данных таблицы `client`
--

INSERT INTO `client` (`id`, `article`, `name`, `phone`, `city`, `area`) VALUES
(93, 'Л-12', 'Лена Гринплаза', NULL, 'Донецк', 'Гринплаза'),
(7, 'ТНМ-1', 'Таня Нина Мая', NULL, '', ''),
(8, 'Н-1', 'Наташа', NULL, 'Донецк', 'Ж/Д'),
(9, 'Р-1', 'Рая', NULL, 'Донецк', 'Ж/Д'),
(10, 'М-1', 'Марина', NULL, 'Макеевка', 'Гвардейка'),
(11, 'Г-1', 'Григорьева Елена', NULL, '', ''),
(12, 'Э-1', 'Элла', NULL, 'Ясиноватая', ''),
(13, 'Т-1', 'Тамара', NULL, 'Макеевка', ''),
(14, 'Т-2', 'Тома', NULL, 'Донецк', 'Ж/Д'),
(15, 'О-1', 'Оля ', NULL, 'Донецк', 'Горсад'),
(16, 'Н-2', 'Наташа-Саша', NULL, 'Макеевка', ''),
(17, 'Н-3', 'Наташа', NULL, 'Макеевка', ''),
(18, 'О-2', 'Оля ', NULL, 'Ясиноватая', ''),
(19, 'Л-2', 'Лена', NULL, 'Макеевка', ''),
(20, 'А-1', 'Алена', NULL, 'Макеевка', 'Восточный'),
(21, 'Б-1', 'Без имени', NULL, 'Макеевка', ''),
(22, 'З-1', 'Зоя вьетнам', NULL, 'Донецк', 'Ж/Д'),
(23, 'ВЛ-1', 'Виктор-Лариса', NULL, 'Макеевка', ''),
(24, 'Т-3', 'Таня', NULL, 'Ясиноватая', ''),
(25, 'Н-4', 'Нина Андреевна', NULL, 'Донецк', 'Ж/Д'),
(26, 'В-1', 'Валя', NULL, 'Донецк', 'Континент'),
(27, 'В-2', 'Валя', NULL, 'Донецк', 'Горсад'),
(28, 'А-2', 'Альбина ', NULL, 'Донецк', 'Ж/Д'),
(29, 'ВМ-1', 'Вова-Миша', NULL, 'Донецк', 'Текстильщик'),
(30, 'Г-2', 'Галя', NULL, 'Макеевка', 'Восточный'),
(31, 'Л-3', 'Лена ', NULL, 'Донецк', 'Цветочный'),
(32, 'И-1', 'Игорь', NULL, 'Донецк', 'Объединенный'),
(33, 'Р-2', 'Руслан', NULL, 'Донецк', 'Соловки'),
(34, 'Л-4', 'Лена', NULL, 'Донецк', 'Соловки'),
(35, 'Т-4', 'Тоня', NULL, 'Донецк', 'Соловки'),
(36, 'Ф-1', 'Фаина', NULL, '', ''),
(37, 'Ю-1', 'Юля', NULL, 'Донецк', 'Крытый рынок'),
(38, 'М-2', 'Марина Бахтиярова', NULL, '', ''),
(39, 'Н-5', 'Наташа Мороз', NULL, '', ''),
(40, 'О-3', 'Оля Костюшко', NULL, '', ''),
(41, 'Г-3', 'Гала', NULL, 'Донецк', 'Калининский'),
(42, 'НВ-1', 'Настя-Вова', NULL, '', ''),
(43, 'Ю-2', 'Юрьев Игорь', NULL, '', ''),
(44, 'О-4', 'Оксана В-33', NULL, '', ''),
(45, 'В-3', 'В-54', NULL, '', ''),
(46, 'В-4', 'В-94', NULL, '', ''),
(47, 'М-3', 'Марина Аквилон', NULL, 'Донецк', 'Аквилон'),
(48, 'ЮА-1', 'Юля-Аня', NULL, '', ''),
(49, 'О-5', 'Оля Стоматология', NULL, 'Донецк', 'Стоматология'),
(50, 'Т-5', 'Таня караванная', NULL, 'Донецк', 'Караванная'),
(51, 'О-6', 'Оля Арбузова', NULL, '', ''),
(52, 'ЛК-1', 'Люда Кароль', NULL, '', ''),
(53, 'А-3', 'Алла Комсомольск', NULL, 'Комсомольск', ''),
(54, 'ХЗ-1', 'Хах Зоя', NULL, 'Макеевка', ''),
(55, 'Л-5', 'Леша', NULL, 'Донецк', 'Ж/Д'),
(56, 'Б-2', 'Без имени', NULL, '', 'Текстильщик'),
(57, 'Н-6', 'Негрзца Андрей Васильевич', NULL, '', ''),
(58, 'Б-3', 'Бурда Любовь Васильевна', NULL, '', ''),
(59, 'Л-6', 'Лариса Топаз', NULL, 'Донецк', 'Ж/Д '),
(60, 'Ф-2', 'Федоровна', NULL, 'Донецк', 'ЦУМ'),
(61, 'Б-4', 'Без имени', NULL, 'Донецк', 'Крытый рынок'),
(62, 'Л-7', 'Людмила ', NULL, 'Макеевка', 'Макеевка'),
(63, 'К-1', 'Кочеткова Карина', NULL, '', ''),
(64, 'Л-8', 'Левина Лина', NULL, 'Харцизск', ''),
(65, 'ИГ-1', 'Инна Гавриленко 1', NULL, '', ''),
(66, 'ИГ-2', 'Инна Гавриленко 2', NULL, '', ''),
(67, 'ИГ-3', 'Инна Гавриленко 3', NULL, '', ''),
(68, 'ЛБ-1', 'Лариса Бакины', NULL, 'Донецк', 'Бакины'),
(69, 'Л-9', 'Лена Военкомат', NULL, '', 'Военкомат'),
(70, 'Н-7', 'Наташа Топаз', NULL, 'Донецк', 'Топаз'),
(71, 'А-4', 'Алла Степанова', NULL, '', ''),
(72, 'Н-8', 'Нина Ж/Д', NULL, 'Донецк', 'Ж/Д'),
(73, 'Л-10', 'Люда 19', NULL, '', ''),
(74, 'М-4', 'Мау', NULL, '', ''),
(75, 'ТД-1', 'Таня-Дима', NULL, '', ''),
(76, 'Ф-3', 'Федя', NULL, 'Донецк', ''),
(77, 'ВЛ-2', 'Вита-Люда 19', NULL, '', ''),
(78, 'ТД-2', 'Таня-Дима Сто', NULL, '', ''),
(79, 'В-5', 'В-310', NULL, '', ''),
(80, 'СТ-1', 'Сергей-Тоня В62', NULL, '', ''),
(81, 'Б-5', 'Буцкий В-63', NULL, 'Макеевка', ''),
(82, 'В-6', 'Валентина В-44', NULL, 'Горловка', ''),
(83, 'Т-6', 'Тамара В-44', NULL, 'Горловка', ''),
(84, 'В-7', 'В-18', NULL, '', ''),
(85, 'В-8', 'В-311', NULL, '', ''),
(86, 'П-1', 'Петр', NULL, '', ''),
(87, 'Р-3', 'Руслан В-314', NULL, '', ''),
(88, 'Л-11', 'Лена Ветка', NULL, 'Донецк', 'Ветка'),
(89, 'Т-7', 'Таня Грабари Аквилон', NULL, 'Донецк', 'Грабари'),
(90, 'Г-4', 'Галя пол Гвардейка', NULL, 'Макеевка', 'Гвардейка'),
(91, 'В-9', 'Валя Ж/Д', NULL, 'Донецк', 'Ж/Д'),
(92, 'Ю-3', 'Юля Гвардейка пряжа', NULL, 'Макеевка', 'Гвардейка'),
(94, 'Л-13', 'Лена Колибри', NULL, '', ''),
(95, 'Т-8', 'Таня Гринкевича', NULL, 'Донецк', 'Гринкевича'),
(96, 'С-1', 'Саша Ж/Д', NULL, 'Донецк', 'Ж/Д'),
(97, 'М-5', 'Марина Абакумова', NULL, 'Донецк', 'Абакумова'),
(98, 'О-7', 'Олег Текстильщик', NULL, 'Донецк', 'Текстильщик'),
(99, 'В-10', 'Вонг', NULL, '', ''),
(100, 'Н-9', 'Наташа Горсад', NULL, 'Донецк', 'Горсад'),
(101, 'ТИ-1', 'Татьяна Ивановна Обжора', NULL, 'Донецк', 'Обжора'),
(102, 'Р-4', 'Рая 29', NULL, '', ''),
(103, 'К-2', 'Калинич б-ц Энергетиков', NULL, 'Донецк', 'Б-ц Энергетиков'),
(104, 'Ж-1', 'Жанна В-17', NULL, 'Донецк', ''),
(105, 'А-5', 'Андрей Макеевка', NULL, 'Макеевка', ''),
(106, 'А-6', 'Артем', NULL, '', ''),
(107, 'Т-9', 'Таня Юзовский', NULL, 'Донецк', 'Юзовский'),
(108, 'Т-10', 'Таня Бакины', NULL, 'Донецк', 'Бакины'),
(109, 'В-11', 'Валя Текстильщик', NULL, 'Донецк', 'Текстильщик'),
(110, 'А-7', 'Алексеев Алексей', NULL, '', ''),
(111, 'В-12', 'Витя Текстильщик', NULL, 'Донецк', 'Текстильщик'),
(112, 'В-13', 'В-50', NULL, '', ''),
(113, 'В-14', 'В-1', NULL, '', ''),
(114, 'В-15', 'Роза В-2', NULL, '', ''),
(115, 'В-16', 'Маяк В-2', NULL, '', ''),
(116, 'В-17', 'Света Маяк В-18', NULL, 'Донецк', 'Маяк'),
(117, 'Ш-1', 'Шилина Анна В-77', NULL, '', ''),
(118, 'Т-11', 'Таня В-9', NULL, '', ''),
(119, 'В-18', 'В-9', NULL, '', ''),
(120, 'Н-10', 'Наташа В-49', NULL, 'Макеевка', ''),
(121, 'В-19', 'В-3', NULL, '', ''),
(122, 'А-8', 'Адик', NULL, '', ''),
(123, 'С-2', 'Сергей В-88', NULL, 'Горловка', ''),
(124, 'ХВ-1', 'Хлистунова Валя В-88', NULL, 'Горловка', ''),
(125, 'Л-14', 'Лена В-8', NULL, '', ''),
(126, 'ЧГ-1', 'Чубарь Галина В-98', NULL, '', ''),
(127, 'Н-11', 'Николай 02-123', NULL, '', ''),
(128, 'В-20', 'Виктория 02-100', NULL, '', ''),
(129, 'КН-1', 'Костенко Наталья В-18', NULL, '', ''),
(130, 'О-8', 'Оля Енакиево', NULL, 'Енакиево', ''),
(131, 'П-2', 'Паша', NULL, '', ''),
(132, 'Х-1', 'Хоан', NULL, '', ''),
(133, 'Н-12', 'Наташа Хол-Балка', NULL, 'Донецк', 'Холодная Балка'),
(134, 'С-3', 'Саша М.Ульянова', NULL, 'Донецк', 'М.Ульянова'),
(135, 'М-6', 'Михаил', NULL, '', ''),
(136, 'Р-5', 'Руслан Ж/Д', NULL, 'Донецк', 'Ж/Д'),
(137, 'Л-15', 'Лена В-43 Текстильщик', NULL, 'Донецк', 'Текстильщик'),
(138, 'В-21', 'В-312', NULL, '', ''),
(139, 'ГЛ-1', 'Гусак Людмила В-28', NULL, '', ''),
(140, 'В-22', 'В-5', NULL, '', ''),
(141, 'А-9', 'Алла ', NULL, '', ''),
(142, 'Т-12', 'Таня Горсад', NULL, 'Донецк', 'Горсад'),
(143, 'НТ-1', 'Нина Таня Макеевка', NULL, 'Макеевка', '');

-- --------------------------------------------------------

--
-- Структура таблицы `migration`
--

CREATE TABLE `migration` (
  `version` varchar(180) NOT NULL,
  `apply_time` int(11) DEFAULT NULL
) ENGINE=MyISAM DEFAULT CHARSET=utf8;

--
-- Дамп данных таблицы `migration`
--

INSERT INTO `migration` (`version`, `apply_time`) VALUES
('m000000_000000_base', 1602609925),
('m130524_201442_init', 1602609929),
('m190124_110200_add_verification_token_column_to_user_table', 1602609930),
('m201002_140839_create_order_table', 1602609931),
('m201002_141014_create_client_table', 1602609931),
('m201002_144548_create_type_of_package_table', 1602609931),
('m201002_144620_create_unit_table', 1602609932),
('m201007_132525_create_pack_table', 1602609932),
('m201013_171415_create_carrier_table', 1602609932);

-- --------------------------------------------------------

--
-- Структура таблицы `order`
--

CREATE TABLE `order` (
  `id` int(11) NOT NULL,
  `user_id` int(11) DEFAULT NULL,
  `carrier_id` int(11) DEFAULT NULL,
  `type_of_package_id` varchar(255) DEFAULT NULL,
  `width` varchar(255) DEFAULT NULL,
  `height` varchar(255) DEFAULT NULL,
  `weight` varchar(255) DEFAULT NULL,
  `length` varchar(255) DEFAULT NULL,
  `size` varchar(255) DEFAULT NULL,
  `cost` varchar(255) DEFAULT NULL,
  `notes` text NOT NULL,
  `date` int(11) DEFAULT NULL,
  `date_update` int(11) DEFAULT NULL
) ENGINE=MyISAM DEFAULT CHARSET=utf8;

--
-- Дамп данных таблицы `order`
--

INSERT INTO `order` (`id`, `user_id`, `carrier_id`, `type_of_package_id`, `width`, `height`, `weight`, `length`, `size`, `cost`, `notes`, `date`, `date_update`) VALUES
(17, 7, 2, '1', '83', '64', '82.15', '50', '0.266', '5312.000', '', 1602687913, 1602688228),
(18, 8, 2, '1', '40', '34', '12.7', '28', '0.038', '761.600', '', 1602688423, 1603447819),
(19, 8, 2, '1', '51', '67', '35.95', '51', '0.174', '3485.340', '', 1602690256, 1602690256),
(20, 8, 2, '1', '62', '54', '53.7', '39', '0.131', '2611.440', '', 1602690497, 1602690497),
(21, 9, 2, '1', '46', '47', '19.6', '31', '0.067', '1340.440', '', 1602690674, 1602690674),
(22, 9, 2, '1', '58', '40', '61.25', '100', '0.232', '4640.000', 'открывали\r\nлосины женские	83	шт	 -1\r\nштаны мужские	23	шт	 -2\r\nгольфы мужской	19	пар	 -1\r\n', 1602690984, 1602710749),
(23, 10, 2, '1', '60', '60', '29.4', '35', '0.126', '2520.000', '', 1602691243, 1602691243),
(24, 11, 2, '1', '60', '65', '40.95', '50', '0.195', '3900.000', '', 1602691496, 1602691496),
(25, 12, 1, '1', '58', '46', '23.85', '40', '0.107', '2134.400', '', 1602693390, 1602693390),
(26, 12, 1, '1', '54', '54', '28.85', '30', '0.087', '1749.600', '', 1602693484, 1602693484),
(27, 13, 1, '1', '32', '33', '8.25', '22', '0.023', '464.640', '', 1602693819, 1602693819),
(28, 13, 1, '1', '50', '46', '47.7', '40', '0.092', '1840.000', 'открывали	\r\nджинсы женские	18шт	1		\r\nкофта женская	         5шт		-10\r\n', 1602694060, 1602711109),
(29, 14, 1, '1', '55', '48', '28.4', '41', '0.108', '2164.800', '', 1602695327, 1602695327),
(30, 14, 1, '1', '70', '60', '43.2', '40', '0.168', '3360.000', '', 1602695388, 1602695388),
(31, 15, 1, '1', '45', '37', '11.4', '23', '0.038', '765.900', '', 1602695770, 1602695770),
(32, 15, 1, '3', '67', '97.5', '37.15', '101', '0.660', '13195.650', '', 1602697425, 1602697425),
(33, 16, 1, '2', '46', '40', '22.45', '55', '0.101', '2024.000', 'открывали', 1602697550, 1602711157),
(34, 17, 1, '1', '38', '42', '17.15', '82', '0.131', '2617.440', '', 1602697660, 1603519560),
(35, 17, 1, '1', '25.5', '58', '27.8', '56', '0.083', '1656.480', '', 1602697796, 1602697796),
(36, 17, 1, '1', '43', '70', '38.4', '34', '0.102', '2046.800', '', 1602697905, 1602697905),
(37, 18, 1, '1', '53', '46', '26.5', '40', '0.098', '1950.400', 'открывали\r\nполотенце х/б	6шт      6\r\n', 1602698219, 1602711243),
(38, 18, 1, '1', '63', '47', '30.00', '37', '0.110', '2191.140', 'открывали, ок', 1602701764, 1602711314),
(39, 19, 1, '1', '42', '84', '39.00', '33', '0.116', '2328.480', '', 1602702261, 1602702261),
(40, 20, 1, '1', '57.5', '55', '48.65', '38', '0.120', '2403.500', '', 1602702391, 1602702391),
(41, 21, 1, '1', '47', '83', '65.00', '80', '0.312', '6241.600', '', 1602702572, 1602702572),
(42, 22, 1, '1', '74', '72', '65.3', '54', '0.288', '5754.240', '', 1602702625, 1602702625),
(43, 23, 1, '1', '65', '50', '48.55', '39', '0.127', '2535.000', 'открывали, ок', 1602702766, 1602710643),
(44, 24, 1, '1', '55', '48', '18.6', '32', '0.084', '1689.600', '', 1602702841, 1602702841),
(45, 25, 1, '1', '65', '45', '26.45', '30', '0.088', '1755.000', '', 1602702988, 1602702988),
(46, 26, 1, '1', '29', '57', '19.35', '40', '0.066', '1322.400', '', 1602703129, 1602703129),
(47, 23, 1, '1', '62', '50', '39.4', '40', '0.124', '2480.000', '', 1602703314, 1602703314),
(48, 27, 1, '1', '62', '49', '27.2', '33', '0.100', '2005.080', '', 1602703476, 1602703476),
(49, 28, 1, '1', '63', '28', '13.45', '30', '0.053', '1058.400', '', 1602703589, 1602703589),
(50, 19, 1, '1', '30', '37', '10.7', '45', '0.050', '999.000', '', 1602703726, 1603518329),
(51, 23, 1, '1', '30', '30', '7.15', '24', '0.022', '432.000', '', 1602703808, 1602703808),
(52, 29, 1, '1', '30', '89', '60.25', '99', '0.264', '5286.600', '', 1602703877, 1602703877),
(53, 21, 1, '1', '47', '45', '17.3', '29', '0.061', '1226.700', '', 1602704064, 1602704064),
(54, 30, 1, '1', '55', '45', '21.85', '33', '0.082', '1633.500', 'открывали, ок', 1602704278, 1602711345),
(55, 31, 3, '1', '27', '86', '26.8', '66', '0.153', '3065.040', '', 1602704340, 1602705051),
(56, 31, 3, '1', '40', '46', '30.75', '67', '0.123', '2465.600', '', 1602704486, 1602705033),
(57, 32, 3, '1', '67', '70', '65.6', '75', '0.352', '7035.000', '', 1602704548, 1602705014),
(58, 33, 3, '1', '42', '48', '40.45', '60', '0.121', '2419.200', '', 1602704648, 1602704990),
(59, 34, 3, '1', '45', '63', '46.65', '74', '0.210', '4195.800', '', 1602704826, 1602704973),
(60, 35, 3, '1', '73', '55', '29.3', '35', '0.141', '2810.500', '', 1602705434, 1602705434),
(61, 36, 3, '1', '52', '52', '36.9', '53', '0.143', '2866.240', '', 1602705628, 1602709277),
(62, 37, 3, '1', '52', '76', '58.85', '30', '0.119', '2371.200', '', 1602705674, 1602705674),
(63, 38, 3, '1', '44', '62', '20.7', '30', '0.082', '1636.800', '', 1602705712, 1602705712),
(64, 38, 3, '1', '65', '50', '21.3', '30', '0.098', '1950.000', '', 1602705743, 1602705743),
(65, 38, 3, '1', '45', '55', '21.4', '32', '0.079', '1584.000', '', 1602705780, 1602705780),
(66, 39, 3, '1', '40', '20', '6.65', '27', '0.022', '432.000', '', 1602705818, 1602705818),
(67, 40, 3, '1', '82', '43', '56.9', '69', '0.243', '4865.880', 'открывали\r\nпижама	15шт	3\r\nтуника	6шт	       -3\r\nколготы	38шт	4\r\n', 1602705906, 1602711417),
(68, 41, 3, '1', '65', '57', '44.1', '40', '0.148', '2964.000', 'открывали\r\n\r\nноски женские	440	пар	96\r\nноски мужские	188	пар	-14\r\nплаток носовой	92	шт	-4\r\n', 1602706061, 1602711499),
(69, 42, NULL, '2', '60', '40', '20.35', '40', '0.096', '1920.000', '', 1602706339, 1602706339),
(70, 42, NULL, '2', '60', '33', '41.15', '33', '0.065', '1306.800', '', 1602706376, 1602706376),
(71, 42, NULL, '2', '56', '37', '23.95', '41', '0.085', '1699.040', '', 1602706418, 1602706418),
(72, 42, NULL, '2', '58', '16', '12.25', '30', '0.028', '556.800', '', 1602706463, 1602706463),
(73, 42, NULL, '2', '44', '13', '9.35', '28', '0.016', '320.320', '', 1602706503, 1602706503),
(74, 43, NULL, '1', '57', '106', '45.2', '40', '0.242', '4833.600', '', 1602706552, 1602706552),
(75, 44, NULL, '1', '62', '104', '26.5', '40', '0.258', '5158.400', '', 1602706620, 1602706620),
(76, 44, NULL, '1', '40', '50', '16.6', '59', '0.118', '2360.000', '', 1602706667, 1603518613),
(77, 45, NULL, '1', '98', '54', '52.15', '40', '0.212', '4233.600', 'открывали\r\nтермокостюм мужской	20шт	4\r\nштаны мужские	30шт		5\r\n', 1602707247, 1602711560),
(79, 45, NULL, '1', '80', '41', '23.8', '32', '0.105', '2099.200', 'открывали\r\nпижама детская	28	шт	3\r\nштаны детские	16	шт		-8\r\n', 1602707916, 1602711602),
(80, 46, NULL, '1', '31', '63', '32.25', '56', '0.109', '2187.360', '', 1602708081, 1602708081),
(81, 46, NULL, '1', '36', '65', '23.95', '59', '0.138', '2761.200', '', 1602708169, 1602708169),
(82, 46, NULL, '1', '37', '104', '56.05', '33', '0.127', '2539.680', '', 1602708227, 1602708227),
(83, 46, NULL, '1', '37', '30', '21.4', '65', '0.072', '1443.000', '', 1602708340, 1602708340),
(84, 13, 1, '1', '48', '36', '21.55', '31', '0.054', '1071.360', '', 1602708825, 1602708825),
(86, 47, 2, '1', '87', '50', '48.5', '44', '0.191', '3828.000', '', 1602793319, 1602793319),
(87, 47, 2, '1', '73', '50', '37.9', '40', '0.146', '2920.000', '', 1602793358, 1602793358),
(88, 48, 2, '1', '62', '34', '22.5', '36', '0.076', '1517.760', '', 1602800612, 1602800612),
(89, 49, 2, '1', '83', '34', '48.9', '58', '0.164', '3273.520', '', 1602800705, 1602800705),
(90, 50, 2, '1', '64', '42', '16.7', '30', '0.081', '1612.800', '', 1602800817, 1602800817),
(91, 51, 2, '1', '44', '27', '18.1', '40', '0.048', '950.400', '', 1602800945, 1602800945),
(92, 52, 2, '1', '60', '25', '14.9', '40', '0.060', '1200.000', '', 1602801048, 1602801048),
(93, 8, 2, '1', '68', '30', '26.6', '37', '0.075', '1509.600', '', 1602801113, 1602801113),
(94, 52, 2, '1', '68', '25', '34.6', '63', '0.107', '2142.000', '', 1602801178, 1602801178),
(95, 53, 1, '1', '77', '65', '48.6', '45', '0.225', '4504.500', '', 1602801397, 1602801474),
(96, 54, 1, '1', '105', '16', '29.9', '67', '0.113', '2251.200', '', 1602801455, 1602801455),
(97, 54, 1, '1', '90', '17', '25.4', '70', '0.107', '2142.000', '', 1602801538, 1602801538),
(98, 56, 1, '1', '58', '55', '35.2', '33', '0.105', '2105.400', '', 1602801584, 1602801584),
(99, 56, 1, '1', '57', '63', '19.7', '18', '0.065', '1292.760', '', 1602801621, 1602801621),
(100, 55, 1, '1', '57', '26', '17.7', '46', '0.068', '1363.440', '', 1602801728, 1602801728),
(101, 57, 1, '1', '100', '35', '43.6', '63', '0.220', '4410.000', '', 1602843460, 1602843460),
(102, 58, 1, '1', '70', '40', '27.9', '54', '0.151', '3024.000', '', 1602843535, 1602843535),
(103, 59, 1, '1', '75', '50', '36', '38', '0.143', '2850.000', '', 1602843594, 1602843594),
(104, 60, 1, '1', '67', '35', '35.6', '50', '0.117', '2345.000', '', 1602843658, 1602843658),
(105, 12, 1, '1', '70', '35', '28.6', '49', '0.120', '2401.000', '', 1602843809, 1602843809),
(106, 53, 1, '1', '79', '64', '51.7', '44', '0.222', '4449.280', '', 1602843870, 1602843870),
(107, 61, 1, '1', '43', '48', '17.2', '30', '0.062', '1238.400', '', 1602844168, 1602844203),
(108, 61, 1, '1', '42', '52', '16.6', '32', '0.070', '1397.760', '', 1602844252, 1602844252),
(109, 12, 1, '1', '38', '30', '10', '32', '0.036', '729.600', '', 1602844323, 1602844323),
(110, 62, 1, '1', '41', '22', '10.8', '35', '0.032', '631.400', '', 1602844525, 1602844525),
(111, 63, 1, '1', '44', '11', '3.1', '20', '0.010', '193.600', '', 1602844568, 1602844568),
(112, 64, 1, '1', '35', '26', '7.1', '28', '0.025', '509.600', '', 1602844607, 1602844607),
(113, 65, 1, '1', '66', '27', '30', '52', '0.093', '1853.280', 'открывали -  по факту №1', 1602844762, 1602844762),
(114, 66, 1, '1', '70', '27', '30.4', '58', '0.110', '2192.400', 'открывали -  по факту №2', 1602845448, 1602845448),
(115, 67, 1, '1', '42', '58', '20.7', '31', '0.076', '1510.320', 'открывали -  по факту №3', 1602845604, 1602845604),
(116, 68, 1, '1', '60', '41', '27.3', '36', '0.089', '1771.200', '', 1602845790, 1602845790),
(117, 69, 3, '1', '67', '35', '77.7', '63', '0.148', '2954.700', '', 1602846041, 1602846041),
(118, 70, 3, '1', '57', '50', '51.7', '36', '0.103', '2052.000', '', 1602846125, 1602846125),
(119, 71, 3, '1', '61', '50', '38', '37', '0.113', '2257.000', '', 1602846366, 1602846366),
(120, 72, 3, '1', '60', '30', '20.7', '46', '0.083', '1656.000', '', 1602846706, 1602846706),
(121, 73, 3, '1', '44', '26', '19.8', '40', '0.046', '915.200', '', 1602846742, 1602846742),
(122, 74, 3, '1', '64', '53', '37.3', '36', '0.122', '2442.240', '', 1602846846, 1602846846),
(123, 75, 3, '1', '81', '23', '32.9', '60', '0.112', '2235.600', '', 1602846886, 1602846886),
(124, 76, 3, '1', '70', '30', '13.9', '40', '0.084', '1680.000', '', 1602846925, 1602846925),
(125, 77, 3, '1', '48', '23', '14.8', '46', '0.051', '1015.680', '', 1602846958, 1602846958),
(126, 78, 3, '1', '56', '48', '28.7', '38', '0.102', '2042.880', '', 1602847044, 1602847044),
(127, 79, NULL, '1', '48', '50', '19.6', '35', '0.084', '1680.000', '', 1602847106, 1602847106),
(128, 80, NULL, '1', '42', '33', '13.4', '30', '0.042', '831.600', '', 1602847179, 1602847179),
(129, 81, NULL, '1', '92', '70', '83.2', '50', '0.322', '6440.000', '', 1602847356, 1602847356),
(130, 82, NULL, '1', '50', '47', '30.8', '34', '0.080', '1598.000', '', 1602847431, 1602847431),
(131, 83, NULL, '1', '40', '59', '15.2', '28', '0.066', '1321.600', '', 1602847476, 1602847476),
(132, 82, NULL, '1', '36', '43', '17', '28', '0.043', '866.880', '', 1602847528, 1602847528),
(133, 84, NULL, '1', '37', '24', '10.9', '37', '0.033', '657.120', '', 1602847569, 1602847569),
(135, 84, NULL, '1', '66', '56', '47.1', '44', '0.163', '3252.480', '', 1602847661, 1602847661),
(136, 85, NULL, '1', '72', '29', '24.8', '35', '0.073', '1461.600', '', 1602847738, 1602847738),
(137, 85, NULL, '1', '78', '40', '37.4', '38', '0.119', '2371.200', '', 1602847885, 1602847885),
(138, 85, NULL, '1', '77', '36', '34.1', '40', '0.111', '2217.600', '', 1602847977, 1602847977),
(139, 86, NULL, '4', '110', '6', '19.5', '25', '0.017', '330.000', '', 1602848169, 1602848169),
(140, 86, NULL, '4', '110', '9', '17.2', '26', '0.026', '514.800', '', 1602848208, 1602848208),
(141, 86, NULL, '4', '110', '11', '17.7', '28', '0.034', '677.600', 'ш220см,д33м', 1602848271, 1602848271),
(142, 86, NULL, '4', '110', '9', '15.8', '26', '0.026', '514.800', 'ш220см,д33м', 1602848324, 1602848324),
(143, 86, NULL, '4', '110', '9', '15.9', '26', '0.026', '514.800', 'ш220см,д33м', 1602848370, 1602848370),
(144, 86, NULL, '4', '110', '9', '17.2', '26', '0.026', '514.800', 'ш220см,д33м', 1602848404, 1602848404),
(145, 86, NULL, '4', '110', '9', '17.2', '26', '0.026', '514.800', 'ш220см,д33м', 1602848454, 1602848454),
(146, 86, NULL, '4', '145', '9', '13.9', '24', '0.031', '626.400', 'ш150см,д50м', 1602848510, 1602848510),
(148, 87, NULL, '1', '62', '50', '25.4', '43', '0.133', '2666.000', 'открывали	\r\nшапка женская	121	шт	-17\r\n', 1602848667, 1602848667),
(149, 82, NULL, '1', '58', '50', '30.6', '33', '0.096', '1914.000', 'открывали	\r\nтельняшка  	18	шт	-5\r\n', 1602848778, 1602848778),
(150, 15, 1, '3', '0', '0', '0', '0', '0.000', '0.000', 'Второй ящик', 1602849055, 1602849055),
(151, 15, 1, '3', '0', '0', '0', '0', '0.000', '0.000', 'Третий ящик', 1602849083, 1602849083),
(152, 88, 2, '1', '53', '30', '21.6', '60', '0.095', '1908.000', '', 1603294758, 1603294758),
(153, 89, 2, '1', '75', '67', '40.5', '29', '0.146', '2914.500', '', 1603295020, 1603295020),
(154, 90, 2, '1', '80', '20', '24.55', '67', '0.107', '2144.000', '', 1603295182, 1603295182),
(155, 91, 2, '1', '60', '48', '26.8', '32', '0.092', '1843.200', '', 1603295360, 1603295360),
(156, 91, 2, '1', '58', '48', '32.6', '30', '0.084', '1670.400', '', 1603295457, 1603295457),
(157, 92, NULL, '1', '75', '56', '32.95', '42', '0.176', '3528.000', '', 1603295651, 1603295651),
(158, 90, 2, '1', '43', '82', '45.45', '60', '0.212', '4231.200', '', 1603295785, 1603295785),
(159, 90, 2, '1', '55', '47', '26.1', '36', '0.093', '1861.200', '', 1603295977, 1603295977),
(160, 93, 3, '1', '32', '27', '4.85', '23', '0.020', '397.440', '', 1603296151, 1603296151),
(161, 94, 3, '1', '57', '52', '18.4', '32', '0.095', '1896.960', '', 1603296491, 1603296491),
(162, 21, 3, '1', '55', '55', '30.30', '36', '0.109', '2178.000', '', 1603296593, 1603296593),
(163, 95, 3, '1', '52', '40', '22.75', '37', '0.077', '1539.200', '', 1603296773, 1603296773),
(164, 96, 3, '1', '43', '70', '42.15', '31', '0.093', '1866.200', '', 1603296880, 1603296880),
(165, 97, 3, '1', '65', '58', '25.6', '38', '0.143', '2865.200', '', 1603297061, 1603297061),
(166, 95, 3, '1', '52', '72', '42.45', '32', '0.120', '2396.160', '', 1603297132, 1603297132),
(167, 98, 3, '1', '51', '32', '22.35', '56', '0.091', '1827.840', '', 1603297250, 1603297250),
(168, 99, 3, '1', '36', '22', '8.7', '35', '0.028', '554.400', '', 1603297852, 1603297852),
(169, 100, 3, '2', '55', '65', '42.1', '50', '0.179', '3575.000', '', 1603298043, 1603298043),
(170, 101, 3, '1', '60', '50', '23.45', '27', '0.081', '1620.000', '', 1603298794, 1603298794),
(171, 97, 3, '1', '58', '48', '31.1', '38', '0.106', '2115.840', '', 1603299136, 1603299136),
(172, 102, 3, '1', '77', '53', '41.95', '42', '0.171', '3428.040', 'Открывали\r\nкофта	38	шт	-3\r\nплатье	5	шт	1\r\n', 1603299382, 1603299382),
(173, 103, 3, '1', '42', '52', '21.15', '28', '0.061', '1223.040', 'открывали', 1603299645, 1603299645),
(174, 103, 3, '1', '57', '46', '29.7', '32', '0.084', '1678.080', 'открывали', 1603299806, 1603299806),
(175, 103, 3, '1', '37', '50', '19.4', '30', '0.056', '1110.000', '', 1603299961, 1603299961),
(176, 104, 1, '1', '65', '51', '37.2', '38', '0.126', '2519.400', 'открывали\r\nтрусы боксеры	68шт	-6	\r\nтрусы  	31шт			 3\r\nджинсы женские	44	шт	-1\r\n', 1603300281, 1603300437),
(177, 105, 1, '1', '63', '52', '40.8', '34', '0.111', '2227.680', 'открывали	\r\nджинсы женские	44	шт	-1\r\n', 1603301896, 1603301896),
(178, 106, 1, '1', '30', '40', '12.5', '45', '0.054', '1080.000', 'открывали', 1603302100, 1603518469),
(179, 105, 1, '2', '37', '38', '27.8', '47', '0.066', '1321.640', '', 1603302298, 1603519078),
(180, 105, 1, '2', '39', '42', '17.3', '59', '0.097', '1932.840', '', 1603302356, 1603519214),
(181, 105, 1, '2', '39', '42', '41.9', '72', '0.118', '2358.720', '', 1603302738, 1603519330),
(182, 107, 1, '1', '44', '49', '11.75', '29', '0.063', '1250.480', '', 1603302960, 1603302960),
(183, 108, 1, '1', '37', '41', '11.5', '26', '0.039', '788.840', '', 1603303484, 1603303484),
(184, 109, 1, '1', '60', '60', '50.75', '46', '0.166', '3312.000', '', 1603303801, 1603303801),
(185, 105, 1, '1', '52', '52', '16.95', '27', '0.073', '1460.160', '', 1603303878, 1603303878),
(186, 105, 1, '1', '71', '51', '34.1', '38', '0.138', '2751.960', '', 1603303950, 1603303950),
(187, 110, 1, '1', '123', '29', '65.7', '76', '0.271', '5421.840', '', 1603304148, 1603304148),
(188, 105, 1, '1', '70', '66', '40.55', '38', '0.176', '3511.200', '', 1603304232, 1603304232),
(189, 108, 1, '1', '60', '49', '35.8', '41', '0.121', '2410.800', '', 1603304401, 1603304401),
(190, 21, 1, '1', '80', '30', '55.75', '45', '0.108', '2160.000', '', 1603304455, 1603304455),
(191, 111, NULL, '1', '50', '60', '35.5', '50', '0.150', '3000.000', '', 1603304547, 1603304547),
(192, 112, 1, '1', '110', '66', '57.25', '46', '0.334', '6679.200', '', 1603304655, 1603304655),
(193, 112, 1, '1', '68', '91', '30.55', '27', '0.167', '3341.520', '', 1603304696, 1603304696),
(194, 112, 1, '1', '70', '89', '38.95', '32', '0.199', '3987.200', '', 1603304732, 1603304732),
(195, 112, 1, '1', '52', '83', '46.5', '43', '0.186', '3711.760', '', 1603304777, 1603304777),
(196, 113, 1, '1', '80', '47', '36.95', '46', '0.173', '3459.200', '', 1603304843, 1603304843),
(197, 80, 1, '1', '57', '27', '23.8', '52', '0.080', '1600.560', '', 1603304947, 1603304947),
(198, 114, 1, '1', '39', '29', '8.05', '21', '0.024', '475.020', '', 1603305096, 1603305096),
(199, 114, 1, '1', '51', '20', '8.9', '38', '0.039', '775.200', '', 1603305156, 1603305156),
(200, 114, 1, '1', '36', '20', '6.1', '40', '0.029', '576.000', '', 1603305238, 1603305238),
(201, 115, 1, '1', '55', '25', '6.4', '29', '0.040', '797.500', 'Выделены синим цветом', 1603305370, 1603305370),
(202, 104, 1, '1', '50', '45', '18.65', '30', '0.068', '1350.000', '', 1603305490, 1603305490),
(203, 116, 1, '1', '43', '32', '6.5', '30', '0.041', '825.600', '', 1603305628, 1603305628),
(204, 117, 1, '1', '48', '60', '19.15', '26', '0.075', '1497.600', '', 1603305723, 1603305723),
(205, 117, 1, '1', '38', '19', '9.4', '25', '0.018', '361.000', '', 1603305757, 1603305757),
(206, 118, 1, '1', '65', '60', '42.65', '31', '0.121', '2418.000', '', 1603305940, 1603305975),
(207, 118, 1, '1', '75', '29', '52.05', '61', '0.133', '2653.500', '', 1603306092, 1603306092),
(208, 118, 1, '1', '77', '50', '62.95', '84', '0.323', '6468.000', '', 1603306146, 1603306146),
(209, 118, 1, '1', '70', '40', '27', '45', '0.126', '2520.000', '', 1603306189, 1603306189),
(210, 119, 1, '1', '62', '53', '38.25', '39', '0.128', '2563.080', '', 1603306387, 1603306387),
(211, 120, 1, '1', '45', '50', '28.05', '26', '0.059', '1170.000', '', 1603306620, 1603306620),
(212, 121, 1, '1', '50', '41', '14.85', '27', '0.055', '1107.000', '', 1603306702, 1603306702),
(213, 122, 1, '1', '92', '33', '81.2', '64', '0.194', '3886.080', 'Зеленый скотч', 1603306833, 1603306833),
(214, 122, 1, '1', '50', '52', '33.95', '110', '0.286', '5720.000', 'зеленый скотч', 1603306886, 1603465550),
(215, 122, 1, '1', '77', '36', '37.25', '38', '0.105', '2106.720', 'зеленый скотч', 1603306947, 1603306947),
(216, 123, 1, '1', '70', '28', '28.25', '70', '0.137', '2744.000', '', 1603307088, 1603307088),
(217, 124, 1, '1', '46', '58', '20.7', '52', '0.139', '2774.720', '', 1603307173, 1603307173),
(218, 125, 1, '1', '76', '31', '33.25', '48', '0.113', '2261.760', '', 1603307411, 1603307411),
(219, 126, 1, '1', '70', '28', '35.7', '67', '0.131', '2626.400', '', 1603307507, 1603307507),
(220, 126, 1, '1', '68', '32', '57.85', '81', '0.176', '3525.120', '', 1603307581, 1603307581),
(221, 126, 1, '1', '73', '18', '27.85', '73', '0.096', '1918.440', '', 1603307677, 1603307677),
(222, 126, 1, '1', '68', '20', '31.65', '86', '0.117', '2339.200', '', 1603307723, 1603307723),
(223, 126, 1, '1', '72', '20', '33.8', '91', '0.131', '2620.800', '', 1603307770, 1603307770),
(224, 126, 1, '1', '15', '17', '18.2', '145', '0.037', '739.500', '', 1603307814, 1603307814),
(225, 126, 1, '1', '15', '17', '19.25', '148', '0.038', '754.800', '', 1603307852, 1603307852),
(226, 126, 1, '1', '15', '17', '15.15', '148', '0.038', '754.800', '', 1603307897, 1603307897),
(227, 127, 1, '4', '16', '25', '30.65', '110', '0.044', '880.000', '', 1603307981, 1603307981),
(228, 127, 1, '4', '20', '21', '25.20', '110', '0.046', '924.000', '', 1603308038, 1603308038),
(229, 128, 1, '4', '21', '23', '20', '192', '0.093', '1854.720', '', 1603308117, 1603308117),
(230, 128, 1, '4', '17', '19', '15', '190', '0.061', '1227.400', '', 1603308786, 1603308786),
(231, 128, 1, '4', '18', '22', '18.1', '190', '0.075', '1504.800', '', 1603308829, 1603308829),
(232, 128, 1, '4', '20', '22', '19.5', '190', '0.084', '1672.000', '', 1603308878, 1603308878),
(233, 128, 1, '4', '19', '23', '20.2', '190', '0.083', '1660.600', '', 1603308925, 1603308925),
(234, 129, 1, '1', '30', '83', '28.6', '57', '0.142', '2838.600', 'открывали\r\nлосины девочка	25шт	10\r\n', 1603309145, 1603309200),
(235, 62, 1, '1', '34', '74', '29.5', '51', '0.128', '2566.320', 'костюм мужской	5шт	открывали\r\n', 1603309827, 1603309827),
(236, 130, 1, '1', '36', '49', '36.6', '54', '0.095', '1905.120', 'брюки женские	6	шт	открывали\r\n', 1603310161, 1603310161),
(237, 131, 1, '1', '28', '55', '31.9', '72', '0.111', '2217.600', '', 1603310256, 1603310256),
(238, 107, 1, '1', '33', '52', '15.1', '36', '0.062', '1235.520', '', 1603310413, 1603310413),
(239, 62, 1, '1', '43', '25', '11.4', '48', '0.052', '1032.000', '', 1603310473, 1603310473),
(240, 62, 1, '1', '53', '26', '17', '48', '0.066', '1322.880', '', 1603310521, 1603310521),
(241, 107, 1, '1', '37', '53', '22.8', '34', '0.067', '1333.480', '', 1603310688, 1603310688),
(242, 132, 1, '1', '51', '58', '14.6', '19', '0.056', '1124.040', '', 1603310783, 1603310783),
(243, 133, 1, '1', '100', '45', '86', '84', '0.378', '7560.000', '', 1603310962, 1603310962),
(244, 134, 1, '1', '51', '36', '29.8', '76', '0.140', '2790.720', '', 1603311060, 1603311060),
(245, 134, 1, '1', '52', '33', '44.5', '74', '0.127', '2539.680', '', 1603311154, 1603311154),
(246, 135, 1, '1', '81', '61', '69.4', '47', '0.232', '4644.540', '', 1603313209, 1603313209),
(247, 136, 1, '1', '41', '55', '68.5', '63', '0.142', '2841.300', '', 1603313334, 1603313334),
(248, 110, 1, '1', '58', '25', '51.5', '106', '0.154', '3074.000', '', 1603313471, 1603313471),
(249, 81, 1, '1', '65', '43', '52.5', '82', '0.229', '4583.800', '', 1603313596, 1603313596),
(250, 81, 1, '1', '59', '48', '43.1', '53', '0.150', '3001.920', '', 1603313686, 1603313686),
(251, 137, 1, '1', '85', '46', '49.1', '70', '0.274', '5474.000', '', 1603313831, 1603313831),
(252, 138, 1, '1', '95', '35', '83.7', '51', '0.170', '3391.500', '', 1603313923, 1603313923),
(253, 139, 1, '1', '44', '25', '25.5', '75', '0.083', '1650.000', '', 1603314053, 1603314053),
(254, 122, 1, '1', '98', '41', '79.6', '44', '0.177', '3535.840', '', 1603314243, 1603314243),
(255, 122, 1, '1', '114', '31', '50.3', '58', '0.205', '4099.440', '', 1603314295, 1603314295),
(256, 122, 1, '1', '65', '27', '68.1', '84', '0.147', '2948.400', '', 1603314338, 1603314338),
(257, 122, 1, '1', '42', '27', '9.2', '57', '0.065', '1292.760', '', 1603314380, 1603465426),
(258, 140, 1, '2', '40', '49', '33.1', '33', '0.065', '1293.600', '', 1603314514, 1603314514),
(259, 140, 1, '1', '63', '3', '28.6', '100', '0.019', '378.000', '', 1603314558, 1603314558),
(260, 140, 1, '1', '60', '3', '31.1', '100', '0.018', '360.000', '', 1603314597, 1603314597),
(261, 21, 1, '4', '29', '13', '21.8', '106', '0.040', '799.240', '', 1603314859, 1603314859),
(262, 21, 1, '4', '31', '19', '22.9', '110', '0.065', '1295.800', '', 1603314904, 1603314904),
(263, 21, 1, '4', '29', '19', '20.7', '110', '0.061', '1212.200', '', 1603314954, 1603314954),
(264, 21, 1, '4', '29', '19', '20.6', '110', '0.061', '1212.200', '', 1603315007, 1603315007),
(265, 21, 1, '4', '10', '10', '21.6', '115', '0.012', '230.000', '', 1603315050, 1603315050),
(266, 141, 1, '4', '17', '17', '16.3', '110', '0.032', '635.800', '', 1603315147, 1603315147),
(267, 141, 1, '4', '17', '17', '17.2', '110', '0.032', '635.800', '', 1603315192, 1603315192),
(268, 141, 1, '4', '17', '17', '16', '110', '0.032', '635.800', '', 1603315226, 1603315226),
(269, 141, 1, '4', '17', '17', '17.1', '110', '0.032', '635.800', '', 1603315268, 1603315268),
(270, 141, 1, '4', '17', '17', '18', '110', '0.032', '635.800', '', 1603315304, 1603315304),
(271, 141, 1, '4', '17', '17', '16.7', '110', '0.032', '635.800', '', 1603315339, 1603315339),
(272, 142, 3, '1', '28', '54', '16', '42', '0.064', '1270.080', '', 1603315463, 1603315463),
(273, 143, 3, '1', '78', '38', '47.1', '56', '0.166', '3319.680', '', 1603315589, 1603315589);

-- --------------------------------------------------------

--
-- Структура таблицы `pack`
--

CREATE TABLE `pack` (
  `id` int(11) NOT NULL,
  `user_id` int(11) DEFAULT NULL,
  `order_id` int(11) DEFAULT NULL,
  `name` varchar(255) DEFAULT NULL,
  `count` varchar(255) DEFAULT NULL,
  `unit_id` varchar(255) DEFAULT NULL
) ENGINE=MyISAM DEFAULT CHARSET=utf8;

--
-- Дамп данных таблицы `pack`
--

INSERT INTO `pack` (`id`, `user_id`, `order_id`, `name`, `count`, `unit_id`) VALUES
(19, 7, 17, 'лосины женские', '90', '1'),
(20, 7, 17, 'колготы', '52', '1'),
(21, 7, 17, 'водолазка женская', '15', '1'),
(22, 7, 17, 'свитер женский', '10', '1'),
(23, 7, 17, 'трусы женские', '220', '1'),
(24, 7, 17, 'топ женский', '30', '1'),
(25, 7, 17, 'бюстгалтер', '250', '1'),
(26, 7, 17, 'лосины', '10', '1'),
(27, 7, 17, 'панталоны женские', '20', '1'),
(28, 8, 18, 'рубашка женская', '27', '1'),
(29, 8, 18, 'кофта женская', '2', '1'),
(30, 8, 19, 'куртка женская', '33', '1'),
(31, 8, 20, 'костюм женский юбка', '2', '1'),
(32, 8, 20, 'кофта женская', '132', '1'),
(33, 8, 20, 'туника', '14', '1'),
(34, 8, 20, 'джинсы женские', '18', '1'),
(35, 9, 21, 'носки женские', '200', '3'),
(36, 9, 21, 'носки мужские', '60', '3'),
(37, 9, 21, 'следы', '8', '3'),
(38, 9, 21, 'лосины женские', '12', '1'),
(39, 9, 22, 'рубашка мужская', '40', '1'),
(40, 9, 22, 'лосины женские', '83', '1'),
(41, 9, 22, 'штаны мужские', '23', '1'),
(42, 9, 22, 'гольфы мужские', '19', '1'),
(43, 9, 22, 'носки женские', '243', '1'),
(44, 9, 22, 'трусы мужские', '8', '1'),
(45, 10, 23, 'сумка женская', '16', '1'),
(46, 10, 23, 'сумка мужская', '20', '1'),
(47, 10, 23, 'плащ женский', '6', '1'),
(48, 10, 23, 'кофта женская', '3', '1'),
(49, 11, 24, 'костюм', '24', '1'),
(50, 11, 24, 'брюки', '24', '1'),
(51, 11, 24, 'кофта', '4', '1'),
(52, 11, 24, 'толстовка', '9', '1'),
(53, 12, 25, 'куртка женская', '17', '1'),
(54, 12, 26, 'куртка женская', '6', '1'),
(55, 12, 26, 'кофта женская', '57', '1'),
(56, 13, 27, 'кофта женская', '6', '1'),
(57, 13, 27, 'платье женское', '4', '1'),
(58, 13, 27, 'юбка кожанная', '1', '1'),
(59, 13, 27, 'джинсы женские', '1', '1'),
(60, 13, 27, 'туника женская', '5', '1'),
(61, 13, 28, 'джинсы женские', '18', '1'),
(62, 13, 28, 'брюки женские', '42', '1'),
(63, 13, 28, 'кофта женская', '5', '1'),
(64, 13, 28, 'платье женское', '20', '1'),
(65, 14, 29, 'куртка женская', '11', '1'),
(66, 14, 29, 'куртка мужскач', '4', '1'),
(67, 14, 29, 'ветровка женская', '9', '1'),
(68, 14, 30, 'куртки', '22', '1'),
(69, 14, 30, 'ветровки', '20', '1'),
(70, 15, 31, 'трусы мужские', '70', '1'),
(71, 15, 31, 'носки', '120', '3'),
(72, 15, 32, 'зонт', '74', '1'),
(73, 16, 33, 'кардиган женский', '3', '1'),
(74, 16, 33, 'кофта женская', '28', '1'),
(75, 16, 33, 'платье женское', '4', '1'),
(76, 16, 33, 'костюм женский', '3', '1'),
(77, 17, 34, 'брюки женские спортивные', '8', '1'),
(78, 17, 34, 'костюм спортивный женский', '9', '1'),
(79, 17, 34, 'пайта женская', '4', '1'),
(80, 17, 35, 'брюки спортивные мужские', '25', '1'),
(81, 17, 35, 'брюки спортивные женские', '9', '1'),
(82, 17, 35, 'пайта мужская', '5', '1'),
(83, 17, 35, 'пайта женская', '4', '1'),
(84, 17, 35, 'костюм спортивный женский', '4', '1'),
(85, 17, 36, 'костюм спортивный мужской', '19', '1'),
(86, 17, 36, 'брюки спортивные мужские', '14', '1'),
(87, 17, 36, 'жилет мужской', '8', '1'),
(88, 18, 37, 'водолазка мужская', '8', '1'),
(89, 18, 37, 'рубашка мужская', '10', '1'),
(90, 18, 37, 'пайта мужская', '10', '1'),
(91, 18, 37, 'трусы мужские', '16', '1'),
(92, 18, 37, 'кофта женская ', '25', '1'),
(93, 18, 37, 'брюки спортивные мужские', '5', '1'),
(94, 18, 37, 'полотенца х/б', '6', '1'),
(95, 18, 38, 'постельное к-т', '11', '1'),
(96, 18, 38, 'покрывало', '2', '1'),
(97, 18, 38, 'рубашка женская', '4', '1'),
(98, 18, 38, 'лосины женские', '3', '1'),
(99, 18, 38, 'кофта женская', '8', '1'),
(100, 19, 39, 'платье женское', '29', '1'),
(101, 19, 39, 'свитер женский вязанный', '3', '1'),
(102, 19, 39, 'свитер женский кашемир', '31', '1'),
(103, 19, 39, 'свитер женский кашемир', '3', '1'),
(104, 19, 39, 'пайта женская', '2', '1'),
(105, 19, 39, 'штаны спортивные женские', '6', '1'),
(106, 19, 39, 'костюм женский кошемир (брюки+свитер)', '7', '1'),
(107, 20, 40, 'брюки женские', '36', '1'),
(108, 20, 40, 'джинсы женские', '36', '1'),
(109, 20, 40, 'водолазка женская', '30', '1'),
(110, 20, 40, 'лосины', '30', '1'),
(111, 21, 41, 'пальто женское', '42', '1'),
(112, 22, 42, 'куртка теплая мужская', '38', '1'),
(113, 23, 43, 'куртка женская', '5', '1'),
(114, 23, 43, 'пайта женская', '4', '1'),
(115, 23, 43, 'пайта мужская', '3', '1'),
(116, 23, 43, 'брюки женские', '43', '1'),
(117, 23, 43, 'джинсы девочка', '12', '1'),
(118, 23, 43, 'брюки спортивные мужские', '10', '1'),
(119, 24, 44, 'халат мужской', '4', '1'),
(120, 24, 44, 'халат женский', '6', '1'),
(121, 24, 44, 'кофта', '26', '1'),
(122, 25, 45, 'носки', '250', '3'),
(123, 25, 45, 'майка женская', '39', '1'),
(124, 25, 45, 'брюки мужские', '25', '1'),
(125, 25, 45, 'тельняшка', '3', '1'),
(126, 25, 45, 'трико спортивное мужское', '8', '1'),
(127, 25, 45, 'майка мужская', '15', '1'),
(128, 25, 45, 'колготы женские', '20', '1'),
(129, 26, 46, 'трико спортивное мужское', '45', '1'),
(130, 23, 47, 'куртка мужская', '10', '1'),
(131, 23, 47, 'брюки спортивные мужские', '5', '1'),
(132, 23, 47, 'кофта женская', '5', '1'),
(133, 23, 47, 'свитер женский', '9', '1'),
(134, 23, 47, 'пайта мужская', '3', '1'),
(135, 23, 47, 'футболка мужская', '27', '1'),
(136, 23, 47, 'термобелье', '5', '1'),
(137, 23, 47, 'термобрюки мужские', '4', '1'),
(138, 27, 48, 'халат детский', '8', '1'),
(139, 27, 48, 'халат женский', '11', '1'),
(140, 27, 48, 'пижама детская', '6', '1'),
(141, 27, 48, 'пижама женская', '26', '1'),
(142, 27, 48, 'пижама мужская', '5', '1'),
(143, 28, 49, 'костюм спортивный женский', '1', '1'),
(144, 28, 49, 'платье женское', '2', '1'),
(145, 28, 49, 'туника женская', '8', '1'),
(146, 28, 49, 'костюм женский (брюки+свитер)', '3', '1'),
(147, 28, 49, 'костюм женский  (юбка+свитер)', '5', '1'),
(148, 19, 50, 'платье женское кошемир', '1', '1'),
(149, 19, 50, 'туника женская кошемир', '7', '1'),
(150, 19, 50, 'джемпер женский кошемир', '15', '1'),
(151, 23, 51, 'костюм спортивный мужской', '5', '1'),
(152, 29, 52, 'мужские свитера и толстовки', '104', '1'),
(153, 21, 53, 'спортивный желтик(брюки мужск)', '5', '1'),
(154, 21, 53, 'гольфы мужские', '6', '3'),
(155, 21, 53, 'майка женская', '6', '1'),
(156, 21, 53, 'футболка мужская', '7', '1'),
(157, 21, 53, 'тельняшка', '8', '1'),
(158, 21, 53, 'носки', '65', '1'),
(159, 21, 53, 'трусы мужские', '10', '1'),
(160, 21, 53, 'лосины', '15', '1'),
(161, 21, 53, 'брюки женские', '2', '1'),
(162, 30, 54, 'штаны спортивные детские', '14', '1'),
(163, 30, 54, 'джинсы детские', '11', '1'),
(164, 30, 54, 'свитер детский', '11', '1'),
(165, 30, 54, 'лосины детские', '28', '1'),
(166, 30, 54, 'кофта детская', '30', '1'),
(167, 30, 54, 'колготы детские', '6', '1'),
(168, 31, 55, 'гардины', '9', '4'),
(169, 31, 56, 'гардины 133 м', '7', '4'),
(170, 32, 57, 'куртка мужская', '36', '1'),
(171, 33, 58, 'сумка женская', '25', '1'),
(172, 33, 58, 'клатч', '49', '1'),
(173, 33, 58, 'кошелек', '17', '1'),
(174, 33, 58, 'сумка мужская', '14', '1'),
(175, 34, 59, 'рубашка мужская', '20', '1'),
(176, 34, 59, 'халат', '18', '1'),
(177, 34, 59, 'свитер', '9', '1'),
(178, 34, 59, 'пижама', '9', '1'),
(179, 34, 59, 'шапка', '20', '1'),
(180, 34, 59, 'туника', '8', '1'),
(181, 34, 59, 'штаны спортивные', '17', '1'),
(182, 34, 59, 'носки', '33', '3'),
(183, 35, 60, 'платки', '9', '1'),
(184, 35, 60, 'шарф', '24', '1'),
(185, 35, 60, 'фуражка', '25', '1'),
(186, 35, 60, 'бейсболка', '20', '1'),
(187, 35, 60, 'трусы', '51', '1'),
(188, 35, 60, 'бюстгалтер', '7', '1'),
(189, 35, 60, 'колготы', '11', '1'),
(190, 35, 60, 'чалма', '5', '1'),
(191, 35, 60, 'шапка+шарф (комплект)', '17', '1'),
(192, 35, 60, 'шапка женская', '56', '1'),
(193, 35, 60, 'снуд', '11', '1'),
(194, 35, 60, 'манишка', '13', '1'),
(195, 35, 60, 'шапка мужская', '27', '1'),
(196, 35, 60, 'пояс собачий', '11', '1'),
(197, 35, 60, 'берет женский', '15', '1'),
(198, 36, 61, 'куртка мужская', '5', '1'),
(199, 36, 61, 'жилет мужской', '5', '1'),
(200, 36, 61, 'свитер женский', '10', '1'),
(201, 36, 61, 'трико мужское', '50', '1'),
(202, 37, 62, 'джинсы женские', '115', '1'),
(203, 38, 63, 'пальто женское синтепон', '13', '1'),
(204, 38, 64, 'пальто женское синтепон', '14', '1'),
(205, 38, 65, 'пальто женское синтепон', '12', '1'),
(206, 39, 66, 'шапка детская', '120', '1'),
(207, 40, 67, 'халат', '35', '1'),
(208, 40, 67, 'пижама', '15', '1'),
(209, 40, 67, 'туника', '6', '1'),
(210, 40, 67, 'колготы', '38', '1'),
(211, 40, 67, 'гамаши', '40', '1'),
(212, 41, 68, 'носки женские', '440', '1'),
(213, 41, 68, 'носки мужские', '188', '1'),
(214, 41, 68, 'носки детские', '120', '1'),
(215, 41, 68, 'колготы детские', '10', '1'),
(216, 41, 68, 'топ женский', '36', '1'),
(217, 41, 68, 'трусы мужские', '24', '1'),
(218, 41, 68, 'трусы женские', '75', '1'),
(219, 41, 68, 'платок носовой', '92', '1'),
(220, 41, 68, 'костюм мужской', '3', '1'),
(221, 42, 69, 'коробка подарочная', '273', '1'),
(222, 42, 70, 'блокнот', '281', '1'),
(223, 42, 71, 'коробка подарочная', '395', '1'),
(224, 42, 72, 'планнер', '85', '1'),
(225, 42, 72, 'блокнот', '25', '1'),
(226, 42, 73, 'обложка на паспорт', '634', '1'),
(227, 43, 74, 'куртка мужская', '43', '1'),
(228, 44, 75, 'куртка мужская', '8', '1'),
(229, 44, 75, 'костюм зима', '5', '1'),
(230, 44, 75, 'куртка детская', '11', '1'),
(231, 44, 76, 'куртка мальчик', '10', '1'),
(232, 44, 76, 'куртка девочка', '4', '1'),
(233, 45, 77, 'тельняшка мужская', '46', '1'),
(234, 45, 77, 'рубашка мужская', '46', '1'),
(235, 45, 77, 'свитер мужской', '6', '1'),
(236, 45, 77, 'шапка мужская', '20', '1'),
(237, 45, 77, 'шапка девочка', '25', '1'),
(238, 45, 77, 'термокостюм мужской', '20', '1'),
(239, 45, 77, 'штаны мужские', '30', '1'),
(240, 45, 77, 'штаны мальчик', '20', '1'),
(242, 45, 79, 'штаны мужские', '18', '1'),
(243, 45, 79, 'пижама детская', '28', '1'),
(244, 45, 79, 'штаны детские', '16', '1'),
(245, 45, 79, 'костюм детский', '21', '1'),
(246, 46, 80, 'рубашка мужская', '13', '1'),
(247, 46, 80, 'трико теплое мужское', '14', '1'),
(248, 46, 80, 'халат женский', '3', '1'),
(249, 46, 80, 'пайта мужская', '5', '1'),
(250, 46, 80, 'джинсы мужские', '4', '1'),
(251, 46, 80, 'носки женские', '40', '3'),
(252, 46, 81, 'шарф', '6', '1'),
(253, 46, 81, 'шапка женская', '80', '1'),
(254, 46, 81, 'шапка мужская', '120', '1'),
(255, 46, 82, 'штаны', '20', '1'),
(256, 46, 82, 'лосины', '110', '1'),
(257, 46, 83, 'ночные', '2', '1'),
(258, 46, 83, 'трусы женские', '30', '1'),
(259, 46, 83, 'трусы мужские', '10', '1'),
(260, 46, 83, 'майка', '8', '1'),
(261, 46, 83, 'фартук', '25', '1'),
(262, 46, 83, 'штаны женские', '15', '1'),
(263, 46, 83, 'лосины', '10', '1'),
(264, 13, 84, 'кофта женская', '24', '1'),
(265, 13, 84, 'юбка кожанная', '5', '1'),
(266, 13, 84, 'брюки женские', '15', '1'),
(268, 47, 86, 'куртка мужская', '29', '1'),
(269, 47, 87, 'куртка мужская', '23', '1'),
(270, 48, 88, 'комбенизон детский', '8', '1'),
(271, 48, 88, 'куртка детская', '2', '1'),
(272, 48, 88, 'штаны спортивные детские', '6', '1'),
(273, 48, 88, 'лосины детские', '12', '1'),
(274, 48, 88, 'костюм детский девочка', '12', '1'),
(275, 48, 88, 'костюм детский мальчик', '15', '1'),
(276, 49, 89, 'куртка женская', '33', '1'),
(277, 50, 90, 'кардиган', '1', '1'),
(278, 50, 90, 'куртка', '6', '1'),
(279, 50, 90, 'свитер', '20', '1'),
(280, 50, 90, 'колготы', '4', '1'),
(281, 50, 90, 'лосины', '6', '1'),
(282, 50, 90, 'юрюки', '5', '1'),
(283, 51, 91, 'термобелье комплект', '13', '1'),
(284, 51, 91, 'кальсоны', '14', '1'),
(285, 51, 91, 'майка мужская', '19', '1'),
(286, 51, 91, 'жилет женский', '2', '1'),
(287, 51, 91, 'водолазка женская', '6', '1'),
(288, 52, 92, 'кофта мужская', '5', '1'),
(289, 52, 92, 'штаны мужские', '18', '1'),
(290, 8, 93, 'туника женская', '10', '1'),
(291, 8, 93, 'кофта женская', '65', '1'),
(292, 52, 94, 'костюм спортивный мужской', '19', '1'),
(293, 52, 94, 'штаны спортивные мужские', '7', '1'),
(294, 53, 95, 'куртка женская зима', '34', '1'),
(295, 54, 96, 'тюль 176,8', '9', '4'),
(296, 54, 97, 'тюль 156,2м', '7', '4'),
(297, 56, 98, 'рубашка мужская', '80', '1'),
(298, 56, 99, 'трико мужское', '40', '1'),
(299, 55, 100, 'носки мужские', '110', '3'),
(300, 55, 100, 'носки женские', '96', '3'),
(301, 55, 100, 'шапка женская', '19', '1'),
(302, 55, 100, 'перчатки', '36', '3'),
(303, 57, 101, 'куртка мужская', '15', '1'),
(304, 57, 101, 'куртка женская', '16', '1'),
(305, 58, 102, 'пальто женское', '12', '1'),
(306, 58, 102, 'куртка', '6', '1'),
(307, 59, 103, 'куртка женская зима', '23', '1'),
(308, 60, 104, 'куртка мужская', '12', '1'),
(309, 60, 104, 'ветровка мужская', '10', '1'),
(310, 12, 105, 'рубашка мужская', '5', '1'),
(311, 12, 105, 'жилет мужской', '5', '1'),
(312, 12, 105, 'штаны спортивные мужские', '15', '1'),
(313, 12, 105, 'штаны спортивные женские', '12', '1'),
(314, 12, 105, 'пайта женская', '8', '1'),
(315, 12, 105, 'кофта женская', '7', '1'),
(316, 12, 105, 'халат женский', '4', '1'),
(317, 53, 106, 'пальто женское зимнее', '34', '1'),
(318, 61, 107, 'пижама детская', '35', '1'),
(319, 61, 108, 'пижама детская', '35', '1'),
(320, 12, 109, 'куртка джинсовая теплая', '4', '1'),
(321, 12, 109, 'кофта женская', '8', '1'),
(322, 62, 110, 'кофта женская', '12', '1'),
(323, 62, 110, 'костюм женский', '1', '1'),
(324, 62, 110, 'платье женское', '4', '1'),
(325, 63, 111, 'ветровка', '8', '1'),
(326, 64, 112, 'пальто кашемир', '8', '1'),
(327, 65, 113, 'боксер', '22', '1'),
(328, 65, 113, 'трусы', '30', '1'),
(329, 65, 113, 'кальсоны', '5', '1'),
(330, 65, 113, 'колготы детские', '210', '1'),
(331, 65, 113, 'колготы девочка', '88', '1'),
(332, 66, 114, 'шапка', '43', '1'),
(333, 66, 114, 'снуд', '14', '1'),
(334, 66, 114, 'брюки девочка', '10', '1'),
(335, 66, 114, 'кальсоны', '6', '1'),
(336, 66, 114, 'пижама', '10', '1'),
(337, 66, 114, 'колготы', '24', '1'),
(338, 66, 114, 'лосины', '60', '1'),
(339, 67, 115, 'снуд', '30', '1'),
(340, 67, 115, 'манишка', '4', '1'),
(341, 67, 115, 'шарф', '2', '1'),
(342, 67, 115, 'шапка детская', '35', '1'),
(343, 67, 115, 'шапка', '127', '1'),
(344, 67, 115, 'к/т шапка+снуд', '32', '1'),
(345, 68, 116, 'свитер', '10', '1'),
(346, 68, 116, 'футболка', '4', '1'),
(347, 68, 116, 'ночная', '11', '1'),
(348, 68, 116, 'бюстгалтер', '10', '1'),
(349, 68, 116, 'брюки спортивные ', '4', '1'),
(350, 68, 116, 'пайта  ', '4', '1'),
(351, 68, 116, 'носки', '125', '3'),
(352, 68, 116, 'полотенца', '4', '1'),
(353, 68, 116, 'пижама', '6', '1'),
(354, 68, 116, 'колготы', '7', '1'),
(355, 68, 116, 'термоштаны', '4', '1'),
(356, 68, 116, 'брюки женские', '7', '1'),
(357, 69, 117, 'джинсы мужские', '48', '1'),
(358, 69, 117, 'гольф женский', '8', '1'),
(359, 69, 117, 'брюки спортивные', '3', '1'),
(360, 69, 117, 'джинсы женские', '48', '1'),
(361, 70, 118, 'джинсы женские', '2', '1'),
(362, 70, 118, 'брюки женские', '85', '1'),
(363, 70, 118, 'лосины женские', '3', '1'),
(364, 71, 119, 'гольфы женские', '4', '1'),
(365, 71, 119, 'свитер женский', '22', '1'),
(366, 71, 119, 'перчатки мужские', '7', '3'),
(367, 71, 119, 'лосины женские', '24', '1'),
(368, 71, 119, 'шапки мужские', '10', '1'),
(369, 71, 119, 'брюки женские', '7', '1'),
(370, 71, 119, 'штаны спортивные мужские', '16', '1'),
(371, 71, 119, 'подштаники мужские', '4', '1'),
(372, 71, 119, 'штаны детские', '6', '1'),
(373, 71, 119, 'колготы женские', '14', '1'),
(374, 71, 119, 'кардиган женский', '3', '1'),
(375, 71, 119, 'костюм детский', '3', '1'),
(376, 71, 119, 'свитер женский', '5', '1'),
(377, 72, 120, 'сумка женская', '13', '1'),
(378, 72, 120, 'кошелек женский', '7', '1'),
(379, 72, 120, 'клатч женский', '16', '1'),
(380, 73, 121, 'пальто женское', '10', '1'),
(381, 74, 122, 'рубашка мужская', '12', '1'),
(382, 74, 122, 'гамаши', '12', '1'),
(383, 74, 122, 'шапка', '62', '1'),
(384, 74, 122, 'водолазка', '33', '1'),
(385, 74, 122, 'свитер', '18', '1'),
(386, 74, 122, 'шарф', '10', '1'),
(387, 75, 123, 'свитер женский', '101', '1'),
(388, 76, 124, 'куртка женская (пуховик)', '10', '1'),
(389, 77, 125, 'куртка-пальто', '9', '1'),
(390, 78, 126, 'гольфы женские', '75', '1'),
(391, 78, 126, 'костюм женский', '5', '1'),
(392, 78, 126, 'свитер женский', '10', '1'),
(393, 78, 126, 'платье флис', '5', '1'),
(394, 79, 127, 'блуза', '10', '1'),
(395, 79, 127, 'куртка женская', '20', '1'),
(396, 80, 128, 'брюки', '16', '1'),
(397, 80, 128, 'колготы', '16', '1'),
(398, 80, 128, 'гамаши', '13', '1'),
(399, 80, 128, 'гольфы', '60', '1'),
(400, 81, 129, 'водлазка женская', '300', '1'),
(401, 81, 129, 'костюм женский', '10', '1'),
(402, 82, 130, 'брюки спортивные', '35', '1'),
(403, 82, 130, 'водолазка', '8', '1'),
(404, 82, 130, 'рубашка мужская', '22', '1'),
(405, 83, 131, 'свитер мужской', '28', '1'),
(406, 82, 132, 'белье мужское', '21', '1'),
(407, 82, 132, 'водолазка', '12', '1'),
(408, 84, 133, 'брюки спортивные мужские', '26', '1'),
(410, 84, 135, 'брюки спортивные мужские', '24', '1'),
(411, 84, 135, 'кофта спортивная мужская', '66', '1'),
(412, 85, 136, 'свитер', '40', '1'),
(413, 85, 136, 'кофта', '19', '1'),
(414, 85, 136, 'комбенизон', '27', '1'),
(415, 85, 136, 'водолазка', '28', '1'),
(416, 85, 137, 'джинсы', '30', '1'),
(417, 85, 137, 'лосины', '12', '1'),
(418, 85, 137, 'куртка', '4', '1'),
(419, 85, 137, 'кофта', '24', '1'),
(420, 85, 137, 'пижама', '30', '1'),
(421, 85, 137, 'трусы', '60', '1'),
(422, 85, 137, 'майка', '100', '1'),
(423, 85, 137, 'футболка', '20', '1'),
(424, 85, 137, 'боди', '12', '1'),
(425, 85, 137, 'комбинезон', '8', '1'),
(426, 85, 137, 'шорты', '20', '1'),
(427, 85, 138, 'колготы', '138', '1'),
(428, 85, 138, 'комбинезон', '4', '1'),
(429, 85, 138, 'куртка', '4', '1'),
(430, 85, 138, 'штаны', '5', '1'),
(431, 85, 138, 'брюки спортивные', '23', '1'),
(432, 86, 139, 'ткань тик 60 погметр', '1', '4'),
(433, 86, 140, 'ткань (нет данных)', '1', '4'),
(434, 86, 141, 'бязь-универсал п13', '1', '4'),
(435, 86, 142, 'бязь-универсал п12', '1', '4'),
(436, 86, 143, 'поплин п12', '1', '4'),
(437, 86, 144, 'бязь-универсал п13', '1', '4'),
(438, 86, 145, 'бязь-универсал п13', '1', '4'),
(439, 86, 146, 'фланель с525-ти \"престиж\"', '1', '4'),
(441, 87, 148, 'шапка женская', '121', '1'),
(442, 87, 148, 'нбор шапка+шарф женская', '31', '1'),
(443, 87, 148, 'повязка на голову женская', '30', '1'),
(444, 82, 149, 'тельняшка', '18', '1'),
(445, 82, 149, 'рубашка мужская', '45', '1'),
(446, 82, 149, 'трико', '4', '1'),
(447, 82, 149, 'водолазка', '10', '1'),
(448, 82, 149, 'футболка', '30', '1'),
(449, 15, 150, ' зонт', '0', '1'),
(450, 15, 151, 'зонт', '0', '1'),
(451, 88, 152, 'пижама', '5', '1'),
(452, 88, 152, 'халат', '15', '1'),
(453, 88, 152, 'костюм 3', '3', '1'),
(454, 89, 153, 'велюр поло', '20', '1'),
(455, 89, 153, 'толстовка', '4', '1'),
(456, 89, 153, 'толстовка на меху', '7', '1'),
(457, 89, 153, 'штаны спортивные', '4', '1'),
(458, 89, 153, 'костюм спортивный', '10', '1'),
(459, 89, 153, 'свитер', '5', '1'),
(460, 90, 154, 'тюль 117,2м', '6', '4'),
(461, 91, 155, 'куртка мужская зима', '16', '1'),
(462, 91, 156, 'пальто мужское зима', '15', '1'),
(463, 92, 157, 'весовая 12 кг', '44', '1'),
(464, 92, 157, 'пряжа в мотках', '230', '1'),
(465, 90, 158, 'плед', '9', '1'),
(466, 90, 158, 'простынь', '3', '1'),
(467, 90, 158, 'полотенце', '311', '1'),
(468, 90, 158, 'скатерть(клеенка)', '5', '1'),
(469, 90, 158, 'фартук', '20', '1'),
(470, 90, 158, 'салфетка', '108', '1'),
(471, 90, 159, 'занавеска кухонная', '21', '1'),
(472, 90, 159, 'плед', '6', '1'),
(473, 90, 159, 'покрывало', '2', '1'),
(474, 90, 159, 'полотенце', '92', '1'),
(475, 93, 160, 'костюм женский', '5', '1'),
(476, 94, 161, 'сумка женская', '20', '1'),
(477, 94, 161, 'кошелек женский', '11', '1'),
(478, 21, 162, 'полотенца', '239', '1'),
(479, 21, 162, 'сумка', '15', '1'),
(480, 95, 163, 'шапка', '15', '1'),
(481, 95, 163, 'брюки женские', '12', '1'),
(482, 95, 163, 'лосины', '12', '1'),
(483, 95, 163, 'халат', '7', '1'),
(484, 95, 163, 'свитер', '15', '1'),
(485, 96, 164, 'джинсы мужские', '45', '1'),
(486, 96, 164, 'ремень', '13', '1'),
(487, 97, 165, 'куртка мальчик зима', '5', '1'),
(488, 97, 165, 'куртка мужская зима', '5', '1'),
(489, 97, 165, 'куртка женская зима', '5', '1'),
(490, 97, 165, 'куртка девочка зима', '10', '1'),
(491, 95, 166, 'свитер', '19', '1'),
(492, 95, 166, 'футболка', '150', '1'),
(493, 95, 166, 'трусы', '120', '1'),
(494, 98, 167, 'куртка мужская ', '12', '1'),
(495, 99, 168, 'свитер мужской', '9', '1'),
(496, 99, 168, 'трико', '10', '1'),
(497, 100, 169, 'сумка женская', '30', '1'),
(498, 100, 169, 'клатч женский', '16', '1'),
(499, 100, 169, 'сумка мужская', '18', '1'),
(500, 100, 169, 'рюкзак женский', '2', '1'),
(501, 101, 170, 'кардиган женский', '21', '1'),
(502, 97, 171, 'колготы детские', '32', '1'),
(503, 97, 171, 'пижама детская', '12', '1'),
(504, 97, 171, 'к/т майка+трусы детский', '20', '1'),
(505, 97, 171, 'лосины детские', '3', '1'),
(506, 97, 171, 'лосины подросток девочка', '3', '1'),
(507, 97, 171, 'трико мальчик', '11', '1'),
(508, 97, 171, 'носки', '60', '3'),
(509, 97, 171, 'водолазка детская', '16', '1'),
(510, 97, 171, 'водолазка детская мех', '3', '1'),
(511, 97, 171, 'свитер детский девочка', '6', '1'),
(512, 97, 171, 'туника детская ', '8', '1'),
(513, 97, 171, 'рубашка детская', '5', '1'),
(514, 97, 171, 'брюки девочка', '11', '1'),
(515, 97, 171, 'платье детское', '9', '1'),
(516, 97, 171, 'кофта женская', '3', '1'),
(517, 102, 172, 'пальто', '6', '1'),
(518, 102, 172, 'шуба искуственная', '2', '1'),
(519, 102, 172, 'костюм брючный', '5', '1'),
(520, 102, 172, 'рубашка', '4', '1'),
(521, 102, 172, 'штаны', '6', '1'),
(522, 102, 172, 'кофта', '38', '1'),
(523, 102, 172, 'платье', '5', '1'),
(524, 103, 173, 'брюки', '9', '1'),
(525, 103, 173, 'носки', '20', '3'),
(526, 103, 173, 'пижама', '4', '1'),
(527, 103, 173, 'ночная', '3', '1'),
(528, 103, 173, 'джемпер', '14', '1'),
(529, 103, 173, 'трусы', '8', '1'),
(530, 103, 173, 'панталоны', '6', '1'),
(531, 103, 173, 'бюсгалтер', '9', '1'),
(532, 103, 173, 'полотенце', '3', '1'),
(533, 103, 173, 'трико', '9', '1'),
(534, 103, 173, 'платок носовой', '156', '1'),
(535, 103, 174, 'брюки', '18', '1'),
(536, 103, 174, 'гамаши', '8', '1'),
(537, 103, 174, 'свитер', '15', '1'),
(538, 103, 174, 'водолазка', '11', '1'),
(539, 103, 174, 'полотенце', '44', '1'),
(540, 103, 174, 'носки', '24', '3'),
(541, 103, 174, 'платок носовой', '136', '1'),
(542, 103, 175, 'колготы', '10', '1'),
(543, 103, 175, 'брюки', '6', '1'),
(544, 103, 175, 'халат', '9', '1'),
(545, 103, 175, 'носки', '84', '3'),
(546, 103, 175, 'полотенце', '33', '1'),
(547, 103, 175, 'резинка', '20', '1'),
(548, 104, 176, 'носки', '230', '1'),
(549, 104, 176, 'колготы женские', '7', '1'),
(550, 104, 176, 'колготы детские', '1', '1'),
(551, 104, 176, 'трусы боксеры', '68', '1'),
(552, 104, 176, 'лосины женские', '20', '1'),
(553, 104, 176, 'термокостюм мужской', '12', '1'),
(554, 104, 176, 'трусы  ', '31', '1'),
(555, 104, 176, 'пояс собачий', '10', '1'),
(556, 104, 176, 'гольфы', '6', '1'),
(557, 105, 177, 'джинсы женские', '44', '1'),
(558, 105, 177, 'жилет', '6', '1'),
(559, 105, 177, 'пайта', '1', '1'),
(560, 105, 177, 'куртка женская', '1', '1'),
(561, 105, 177, 'колготы теплые', '12', '1'),
(562, 105, 177, 'штаны мужские', '5', '1'),
(563, 105, 177, 'водолазка женская ', '8', '1'),
(564, 105, 177, 'свитер женский', '2', '1'),
(565, 106, 178, 'штаны женские', '10', '1'),
(566, 106, 178, 'кофта женская', '13', '1'),
(567, 106, 178, 'пайта женская', '3', '1'),
(568, 106, 178, 'полотенце', '6', '1'),
(569, 106, 178, 'кофта девочка', '3', '1'),
(570, 105, 179, 'постельное белье к-т', '13', '1'),
(571, 105, 180, 'постельное белье к-т', '12', '1'),
(572, 105, 181, 'постельное белье к-т', '12', '1'),
(573, 107, 182, 'комбинезон', '6', '1'),
(574, 107, 182, 'пальто', '4', '1'),
(575, 107, 182, 'платье вельвет', '3', '1'),
(576, 107, 182, 'платье х/б', '2', '1'),
(577, 107, 182, 'костюм флис', '2', '1'),
(578, 108, 183, 'сорочка', '17', '1'),
(579, 108, 183, 'носки ', '136', '3'),
(580, 109, 184, 'джинсы', '55', '1'),
(581, 109, 184, 'куртки', '11', '1'),
(582, 105, 185, 'туника женская теплая', '24', '1'),
(583, 105, 185, 'кардиган женский', '6', '1'),
(584, 105, 186, 'рубашка мужская', '55', '1'),
(585, 105, 186, 'постельное белье к-т', '2', '1'),
(586, 110, 187, 'куртка женская', '6', '1'),
(587, 110, 187, 'куртка мужская', '10', '1'),
(588, 110, 187, 'костюм спортивный', '15', '1'),
(589, 110, 187, 'штаны мужские', '6', '1'),
(590, 110, 187, 'халат женский', '15', '1'),
(591, 110, 187, 'пайта мужская', '5', '1'),
(592, 110, 187, 'носки женские', '24', '3'),
(593, 110, 187, 'перчатки женские', '20', '3'),
(594, 105, 188, 'халат женский', '40', '1'),
(595, 105, 188, 'туника женская ', '16', '1'),
(596, 105, 188, 'пижама', '7', '1'),
(597, 108, 189, 'платье', '13', '1'),
(598, 108, 189, 'кофта женская', '10', '1'),
(599, 108, 189, 'шапка мужская', '12', '1'),
(600, 108, 189, 'шапка женская', '33', '1'),
(601, 108, 189, 'трусы мужские', '24', '1'),
(602, 108, 189, 'лосины женские', '12', '1'),
(603, 108, 189, 'перчатки женские', '22', '1'),
(604, 108, 189, 'халат женский', '24', '1'),
(605, 21, 190, 'джинсы мужские', '72', '1'),
(606, 111, 191, 'куртка ', '29', '1'),
(607, 112, 192, 'куртка мужская', '40', '1'),
(608, 112, 193, 'куртка мужская', '30', '1'),
(609, 112, 194, 'куртка мужская', '30', '1'),
(610, 112, 195, 'куртка мужская', '30', '1'),
(611, 113, 196, 'полотенца', '380', '1'),
(612, 80, 197, 'пижама женская', '17', '1'),
(613, 80, 197, 'ночная', '30', '1'),
(614, 80, 197, 'брюки мужские', '15', '1'),
(615, 114, 198, 'клатч женский', '14', '1'),
(616, 114, 199, 'шапка ', '62', '1'),
(617, 114, 199, 'снуд', '7', '1'),
(618, 114, 200, 'шапка женская', '11', '1'),
(619, 114, 200, 'шапка мужская', '55', '1'),
(620, 115, 201, 'носки-тапк детские', '24', '3'),
(621, 115, 201, 'носки-тапки женские', '12', '3'),
(622, 115, 201, 'носки-тапки мужские', '12', '3'),
(623, 104, 202, 'лосины женские', '17', '1'),
(624, 104, 202, 'носки', '233', '3'),
(625, 104, 202, 'трусы боксеры', '16', '1'),
(626, 116, 203, 'носки', '109', '3'),
(627, 117, 204, 'брюки мужские', '24', '1'),
(628, 117, 205, 'джинсы', '16', '1'),
(629, 118, 206, 'костюм женский', '9', '1'),
(630, 118, 206, 'свитер женский', '53', '1'),
(631, 118, 206, 'брюки женские', '10', '1'),
(632, 118, 206, 'платье', '12', '1'),
(633, 118, 206, 'юбка', '20', '1'),
(634, 118, 207, 'брюки женские', '26', '1'),
(635, 118, 207, 'платье', '61', '1'),
(636, 118, 207, 'свитер женский', '11', '1'),
(637, 118, 207, 'костюм женский', '2', '1'),
(638, 118, 207, 'юбка', '8', '1'),
(639, 118, 208, 'куртка женская зима', '45', '1'),
(640, 118, 209, 'куртка женская зима', '18', '1'),
(641, 119, 210, 'платье женское', '35', '1'),
(642, 119, 210, 'пояс женский', '23', '1'),
(643, 119, 210, 'костюм юбка женский', '1', '1'),
(644, 119, 210, 'костюм спортивный женский', '2', '1'),
(645, 119, 210, 'комбинезон женский', '4', '1'),
(646, 119, 210, 'юбка кожа', '2', '1'),
(647, 119, 210, 'шуба искуственная', '2', '1'),
(648, 119, 210, 'куртка женская', '5', '1'),
(649, 120, 211, 'джинсы мужские', '38', '1'),
(650, 121, 212, 'носки', '300', '3'),
(651, 122, 213, 'кофта женская', '42', '1'),
(652, 122, 213, 'джинсы женские', '73', '1'),
(653, 122, 214, 'куртка женская', '25', '1'),
(654, 122, 215, 'кофта женская', '162', '1'),
(655, 123, 216, 'халат женский флис', '12', '1'),
(656, 123, 216, 'халат женский велюр', '30', '1'),
(657, 124, 217, 'куртка', '14', '1'),
(658, 125, 218, 'свитер женский', '67', '1'),
(659, 125, 218, 'платье', '24', '1'),
(660, 125, 218, 'костюм женский', '5', '1'),
(661, 125, 218, 'брюки женские', '4', '1'),
(662, 126, 219, 'гардина 160,5м', '5', '4'),
(663, 126, 220, 'портьера 46,9м', '2', '4'),
(664, 126, 220, 'гардина 76,3м', '3', '4'),
(665, 126, 221, 'тюль 100м', '5', '4'),
(666, 126, 222, 'тюль 99,5м', '5', '4'),
(667, 126, 223, 'тюль 115м', '6', '4'),
(668, 126, 224, 'портьра 23,5м', '1', '4'),
(669, 126, 225, 'портьра 24м', '1', '4'),
(670, 126, 226, 'портьра 20,5м', '1', '4'),
(671, 127, 227, 'бязь \"премиум\"-220 (40м+40м)', '2', '4'),
(672, 127, 228, 'бязь \"премиум\"-220 (40м+40м)', '2', '4'),
(673, 128, 229, 'футер 3-нитка 33,9м', '1', '4'),
(674, 128, 230, 'футер с начесом 24,93м', '1', '4'),
(675, 128, 231, 'футер с начесом 30,25м', '1', '4'),
(676, 128, 232, 'футер с начесом 29,9м', '1', '4'),
(677, 128, 233, 'футер с начесом 31,6м', '1', '4'),
(678, 129, 234, 'куртка девочка ', '7', '1'),
(679, 129, 234, 'куртка мальчик ', '5', '1'),
(680, 129, 234, 'комбинезон', '5', '1'),
(681, 129, 234, 'лосины девочка', '25', '1'),
(682, 129, 234, 'пижама мальчик', '8', '1'),
(683, 62, 235, 'костюм мужской', '5', '1'),
(684, 62, 235, 'трико мужское', '10', '1'),
(685, 62, 235, 'толстовка мужская', '20', '1'),
(686, 62, 235, 'костюм женский', '1', '1'),
(687, 62, 235, 'свитер женский', '5', '1'),
(688, 62, 235, 'толстовка женская', '2', '1'),
(689, 130, 236, 'брюки женские', '6', '1'),
(690, 130, 236, 'свитер женский', '13', '1'),
(691, 130, 236, 'лосины женские', '24', '1'),
(692, 130, 236, 'штаны спортивные мужские', '10', '1'),
(693, 130, 236, 'платье женское', '7', '1'),
(694, 130, 236, 'термокостюм мужской', '5', '1'),
(695, 130, 236, 'носки мужские', '36', '3'),
(696, 130, 236, 'носки-тапки', '12', '3'),
(697, 131, 237, 'рубашка', '55', '1'),
(698, 107, 238, 'юбка женская', '6', '1'),
(699, 107, 238, 'худи женское', '4', '1'),
(700, 107, 238, 'платье женское', '5', '1'),
(701, 107, 238, 'боди женское', '5', '1'),
(702, 107, 238, 'свитер женский', '11', '1'),
(703, 107, 238, 'костюм', '4', '1'),
(704, 62, 239, 'костюм спортивный', '10', '1'),
(705, 62, 240, 'штаны спортивные', '35', '1'),
(706, 107, 241, 'пальто  ', '4', '1'),
(707, 107, 241, 'юбка', '4', '1'),
(708, 107, 241, 'штаны', '3', '1'),
(709, 107, 241, 'пиджак', '4', '1'),
(710, 107, 241, 'костюм', '8', '1'),
(711, 107, 241, 'боди  ', '2', '1'),
(712, 107, 241, 'толстовка', '3', '1'),
(713, 132, 242, 'шапка женская', '145', '1'),
(714, 133, 243, 'пальто женское', '49', '1'),
(715, 134, 244, 'куртка мужская теплая', '17', '1'),
(716, 134, 245, 'куртка мужская теплая', '24', '1'),
(717, 135, 246, 'куртка женская', '17', '1'),
(718, 135, 246, 'кардиган женский', '37', '1'),
(719, 135, 246, 'пайта  ', '4', '1'),
(720, 135, 246, 'жилет женский', '4', '1'),
(721, 136, 247, 'джинсы мужские', '72', '1'),
(722, 136, 247, 'брюки женские', '15', '1'),
(723, 110, 248, 'джисы женские', '36', '1'),
(724, 110, 248, 'лосины женские', '12', '1'),
(725, 110, 248, 'джемпер мужской', '25', '1'),
(726, 110, 248, 'брюки мужские', '5', '1'),
(727, 110, 248, 'джемпер женски', '13', '1'),
(728, 110, 248, 'салфетки кухонные', '81', '1'),
(729, 81, 249, 'костюм женский флис', '8', '1'),
(730, 81, 249, 'водолазка женская ', '170', '1'),
(731, 81, 250, 'костюм женский флис', '6', '1'),
(732, 81, 250, 'водолазка женская ', '134', '1'),
(733, 81, 250, 'кофта', '10', '1'),
(734, 137, 251, 'куртка женская', '33', '1'),
(735, 138, 252, 'брюки женские', '41', '1'),
(736, 138, 252, 'джинсы женские', '102', '1'),
(737, 139, 253, 'костюм', '7', '1'),
(738, 139, 253, 'платье', '6', '1'),
(739, 139, 253, 'кардиган  ', '7', '1'),
(740, 139, 253, 'свитер', '33', '1'),
(741, 122, 254, 'джинсы', '92', '1'),
(742, 122, 254, 'куртка джинс', '6', '1'),
(743, 122, 255, 'кофта', '98', '1'),
(744, 122, 256, 'кофта', '168', '1'),
(745, 122, 257, 'куртка', '12', '1'),
(746, 140, 258, 'салфетка винил пвх', '472', '1'),
(747, 140, 258, 'скатерть пвх', '15', '1'),
(748, 140, 258, 'прихватка', '20', '1'),
(749, 140, 258, 'фартук', '30', '1'),
(750, 140, 259, 'салфетка пвх', '150', '1'),
(751, 140, 260, 'салфетка пвх', '150', '1'),
(752, 21, 261, 'бязь \"премиум\"-220 (33,1м+33,1м)', '2', '4'),
(753, 21, 262, 'бязь \"премиум\"-220 (40м+40м)', '2', '4'),
(754, 21, 263, 'бязь \"премиум\"-220 (33м+33м)', '2', '4'),
(755, 21, 264, 'бязь \"премиум\"-220 (33,2м+33,2м)', '2', '4'),
(756, 21, 265, 'тик 140м/228см', '1', '4'),
(757, 141, 266, 'поллин 60м/220см', '1', '4'),
(758, 141, 267, 'бязь62,4м/220см', '1', '4'),
(759, 141, 268, 'бязь63,1м/220см', '1', '4'),
(760, 141, 269, 'бязь61м/220см', '1', '4'),
(761, 141, 270, 'бязь64,5м/220см', '1', '4'),
(762, 141, 271, 'бязь62,4м/220см', '1', '4'),
(763, 142, 272, 'толстовка мужская', '30', '1'),
(764, 143, 273, 'свитер', '13', '1'),
(765, 143, 273, 'рубашка', '97', '1');

-- --------------------------------------------------------

--
-- Структура таблицы `type_of_package`
--

CREATE TABLE `type_of_package` (
  `id` int(11) NOT NULL,
  `name` varchar(255) DEFAULT NULL
) ENGINE=MyISAM DEFAULT CHARSET=utf8;

--
-- Дамп данных таблицы `type_of_package`
--

INSERT INTO `type_of_package` (`id`, `name`) VALUES
(1, 'мешок'),
(2, 'короб'),
(3, 'ящик'),
(4, 'п/э пакет');

-- --------------------------------------------------------

--
-- Структура таблицы `unit`
--

CREATE TABLE `unit` (
  `id` int(11) NOT NULL,
  `name` varchar(255) DEFAULT NULL
) ENGINE=MyISAM DEFAULT CHARSET=utf8;

--
-- Дамп данных таблицы `unit`
--

INSERT INTO `unit` (`id`, `name`) VALUES
(1, 'шт'),
(2, 'упак'),
(3, 'пар'),
(4, 'рулон');

-- --------------------------------------------------------

--
-- Структура таблицы `user`
--

CREATE TABLE `user` (
  `id` int(11) NOT NULL,
  `username` varchar(255) COLLATE utf8_unicode_ci NOT NULL,
  `auth_key` varchar(32) COLLATE utf8_unicode_ci NOT NULL,
  `password_hash` varchar(255) COLLATE utf8_unicode_ci NOT NULL,
  `password_reset_token` varchar(255) COLLATE utf8_unicode_ci DEFAULT NULL,
  `email` varchar(255) COLLATE utf8_unicode_ci NOT NULL,
  `status` smallint(6) NOT NULL DEFAULT 10,
  `created_at` int(11) NOT NULL,
  `updated_at` int(11) NOT NULL,
  `verification_token` varchar(255) COLLATE utf8_unicode_ci DEFAULT NULL
) ENGINE=MyISAM DEFAULT CHARSET=utf8 COLLATE=utf8_unicode_ci;

--
-- Индексы сохранённых таблиц
--

--
-- Индексы таблицы `carrier`
--
ALTER TABLE `carrier`
  ADD PRIMARY KEY (`id`);

--
-- Индексы таблицы `client`
--
ALTER TABLE `client`
  ADD PRIMARY KEY (`id`);

--
-- Индексы таблицы `migration`
--
ALTER TABLE `migration`
  ADD PRIMARY KEY (`version`);

--
-- Индексы таблицы `order`
--
ALTER TABLE `order`
  ADD PRIMARY KEY (`id`);

--
-- Индексы таблицы `pack`
--
ALTER TABLE `pack`
  ADD PRIMARY KEY (`id`);

--
-- Индексы таблицы `type_of_package`
--
ALTER TABLE `type_of_package`
  ADD PRIMARY KEY (`id`);

--
-- Индексы таблицы `unit`
--
ALTER TABLE `unit`
  ADD PRIMARY KEY (`id`);

--
-- Индексы таблицы `user`
--
ALTER TABLE `user`
  ADD PRIMARY KEY (`id`),
  ADD UNIQUE KEY `username` (`username`),
  ADD UNIQUE KEY `email` (`email`),
  ADD UNIQUE KEY `password_reset_token` (`password_reset_token`);

--
-- AUTO_INCREMENT для сохранённых таблиц
--

--
-- AUTO_INCREMENT для таблицы `carrier`
--
ALTER TABLE `carrier`
  MODIFY `id` int(11) NOT NULL AUTO_INCREMENT, AUTO_INCREMENT=4;
--
-- AUTO_INCREMENT для таблицы `client`
--
ALTER TABLE `client`
  MODIFY `id` int(11) NOT NULL AUTO_INCREMENT, AUTO_INCREMENT=144;
--
-- AUTO_INCREMENT для таблицы `order`
--
ALTER TABLE `order`
  MODIFY `id` int(11) NOT NULL AUTO_INCREMENT, AUTO_INCREMENT=274;
--
-- AUTO_INCREMENT для таблицы `pack`
--
ALTER TABLE `pack`
  MODIFY `id` int(11) NOT NULL AUTO_INCREMENT, AUTO_INCREMENT=766;
--
-- AUTO_INCREMENT для таблицы `type_of_package`
--
ALTER TABLE `type_of_package`
  MODIFY `id` int(11) NOT NULL AUTO_INCREMENT, AUTO_INCREMENT=5;
--
-- AUTO_INCREMENT для таблицы `unit`
--
ALTER TABLE `unit`
  MODIFY `id` int(11) NOT NULL AUTO_INCREMENT, AUTO_INCREMENT=5;
--
-- AUTO_INCREMENT для таблицы `user`
--
ALTER TABLE `user`
  MODIFY `id` int(11) NOT NULL AUTO_INCREMENT;
/*!40101 SET CHARACTER_SET_CLIENT=@OLD_CHARACTER_SET_CLIENT */;
/*!40101 SET CHARACTER_SET_RESULTS=@OLD_CHARACTER_SET_RESULTS */;
/*!40101 SET COLLATION_CONNECTION=@OLD_COLLATION_CONNECTION */;
